intitule_cours,type_cours,groupe_eleve,code_cours,date,date_only,heure,jour_semaine,civilité,code_eleve,groupes
Fondamentaux BD relat.,CMTD,G2,XA1S514C,24/10/2025 08:00,2025-10-24,08:00:00,vendredi,Ingé Informatique 3ème année,22302569,"IG3-TP2, IG3-TD2, IG3-TOUS"
Projet C,PROJ,G2,XA1S506C,17/11/2025 08:00,2025-11-17,08:00:00,lundi,Ingé Informatique 3ème année,22302569,"IG3-TP2, IG3-TD2, IG3-TOUS"
Projet C,PROJ,G1,XA1S506C,25/11/2025 08:00,2025-11-25,08:00:00,mardi,Ingé Informatique 3ème année,22301636,"IG3-TP1, IG3-TD1, IG3-TOUS"
Intro prog C,CMTD,G1,XA1S504C,15/09/2025 14:00,2025-09-15,14:00:00,lundi,Ingé Informatique 3ème année,22514917,"IG3-TP1, IG3-TD1, IG3-TOUS"
Modélisation et stat,CMTD,G1,XA1S523C,16/09/2025 14:00,2025-09-16,14:00:00,mardi,Ingé Informatique 3ème année,22514917,"IG3-TP1, IG3-TD1, IG3-TOUS"
Modélisation et stat,CMTD,G1,XA1S523C,06/10/2025 14:00,2025-10-06,14:00:00,lundi,Ingé Informatique 3ème année,22514917,"IG3-TP1, IG3-TD1, IG3-TOUS"
Modélisation et stat,CMTD,G1,XA1S523C,07/10/2025 14:00,2025-10-07,14:00:00,mardi,Ingé Informatique 3ème année,22514917,"IG3-TP1, IG3-TD1, IG3-TOUS"
Algo.et Types abstrait 1,CMTD,G1,XA1S511C,13/10/2025 15:45,2025-10-13,15:45:00,lundi,Ingé Informatique 3ème année,22514917,"IG3-TP1, IG3-TD1, IG3-TOUS"
Maths pour info,CMTD,G1,XA1S522C,17/10/2025 08:00,2025-10-17,08:00:00,vendredi,Ingé Informatique 3ème année,22514917,"IG3-TP1, IG3-TD1, IG3-TOUS"
Fondamentaux BD relat.,CMTD,G1,XA1S514C,23/10/2025 11:30,2025-10-23,11:30:00,jeudi,Ingé Informatique 3ème année,22514917,"IG3-TP1, IG3-TD1, IG3-TOUS"
Fondamentaux BD relat.,CMTD,G1,XA1S514C,24/10/2025 15:45,2025-10-24,15:45:00,vendredi,Ingé Informatique 3ème année,22514917,"IG3-TP1, IG3-TD1, IG3-TOUS"
Algo.et Types abstrait 1,CMTD,G1,XA1S511C,04/11/2025 08:00,2025-11-04,08:00:00,mardi,Ingé Informatique 3ème année,22514917,"IG3-TP1, IG3-TD1, IG3-TOUS"
Modélisation et stat,CMTD,G1,XA1S523C,04/11/2025 15:45,2025-11-04,15:45:00,mardi,Ingé Informatique 3ème année,22514917,"IG3-TP1, IG3-TD1, IG3-TOUS"
Maths pour info,CMTD,G1,XA1S522C,24/09/2025 08:45,2025-09-24,08:45:00,mercredi,Ingé Informatique 3ème année,22502774,"IG3-TP1, IG3-TD1, IG3-TOUS"
Algo.et Types abstrait 1,CMTD,G1,XA1S511C,13/10/2025 15:45,2025-10-13,15:45:00,lundi,Ingé Informatique 3ème année,22502774,"IG3-TP1, IG3-TD1, IG3-TOUS"
Fondamentaux BD relat.,CMTD,G1,XA1S514C,23/10/2025 11:30,2025-10-23,11:30:00,jeudi,Ingé Informatique 3ème année,22502774,"IG3-TP1, IG3-TD1, IG3-TOUS"
Projet C,PROJ,G1,XA1S506C,25/11/2025 08:00,2025-11-25,08:00:00,mardi,Ingé Informatique 3ème année,22502774,"IG3-TP1, IG3-TD1, IG3-TOUS"
Optim science données,CMTD,G1,XA1S524C,24/09/2025 10:30,2025-09-24,10:30:00,mercredi,Ingé Informatique 3ème année,22303152,"IG3-TP1, IG3-TD1, IG3-TOUS"
Projet C,PROJ,G1,XA1S506C,25/11/2025 08:00,2025-11-25,08:00:00,mardi,Ingé Informatique 3ème année,22303152,"IG3-TP1, IG3-TD1, IG3-TOUS"
Intro prog C,CMTD,G1,XA1S504C,16/09/2025 08:00,2025-09-16,08:00:00,mardi,Ingé Informatique 3ème année,22303923,"IG3-TP1, IG3-TD1, IG3-TOUS"
Anglais S5,TD,G1,XA1S534C,20/10/2025 09:45,2025-10-20,09:45:00,lundi,Ingé Informatique 3ème année,22303923,"IG3-TP1, IG3-TD1, IG3-TOUS"
Anglais S5,TD,G1,XA1S534C,20/10/2025 11:30,2025-10-20,11:30:00,lundi,Ingé Informatique 3ème année,22303923,"IG3-TP1, IG3-TD1, IG3-TOUS"
Modélisation et stat,CMTD,G1,XA1S523C,20/10/2025 14:00,2025-10-20,14:00:00,lundi,Ingé Informatique 3ème année,22303923,"IG3-TP1, IG3-TD1, IG3-TOUS"
Maths pour info,CMTD,G1,XA1S522C,22/10/2025 08:45,2025-10-22,08:45:00,mercredi,Ingé Informatique 3ème année,22303923,"IG3-TP1, IG3-TD1, IG3-TOUS"
Maths pour info,CMTD,G1,XA1S522C,24/10/2025 08:00,2025-10-24,08:00:00,vendredi,Ingé Informatique 3ème année,22303923,"IG3-TP1, IG3-TD1, IG3-TOUS"
Modélisation et stat,CMTD,G1,XA1S523C,24/10/2025 14:00,2025-10-24,14:00:00,vendredi,Ingé Informatique 3ème année,22303923,"IG3-TP1, IG3-TD1, IG3-TOUS"
Fondamentaux BD relat.,CMTD,G1,XA1S514C,24/10/2025 15:45,2025-10-24,15:45:00,vendredi,Ingé Informatique 3ème année,22303923,"IG3-TP1, IG3-TD1, IG3-TOUS"
Projet C,PROJ,G1,XA1S506C,25/11/2025 08:00,2025-11-25,08:00:00,mardi,Ingé Informatique 3ème année,22303923,"IG3-TP1, IG3-TD1, IG3-TOUS"
Culture éco,CM,,XA1S530C,27/11/2025 08:00,2025-11-27,08:00:00,jeudi,Ingé Informatique 3ème année,22303923,"IG3-TP1, IG3-TD1, IG3-TOUS"
Anglais S5,TD,G2,XA1S534C,13/10/2025 09:45,2025-10-13,09:45:00,lundi,Ingé Informatique 3ème année,22306374,"IG3-TP2, IG3-TD2, IG3-TOUS"
Anglais S5,TD,G2,XA1S534C,13/10/2025 11:30,2025-10-13,11:30:00,lundi,Ingé Informatique 3ème année,22306374,"IG3-TP2, IG3-TD2, IG3-TOUS"
Algo.et Types abstrait 1,CMTD,G2,XA1S511C,13/10/2025 14:00,2025-10-13,14:00:00,lundi,Ingé Informatique 3ème année,22306374,"IG3-TP2, IG3-TD2, IG3-TOUS"
Algo.et Types abstrait 1,CMTD,G2,XA1S511C,14/10/2025 09:45,2025-10-14,09:45:00,mardi,Ingé Informatique 3ème année,22306374,"IG3-TP2, IG3-TD2, IG3-TOUS"
Algo.et Types abstrait 1,CMTD,G2,XA1S511C,15/10/2025 08:00,2025-10-15,08:00:00,mercredi,Ingé Informatique 3ème année,22306374,"IG3-TP2, IG3-TD2, IG3-TOUS"
Maths pour info,CMTD,G2,XA1S522C,17/10/2025 09:45,2025-10-17,09:45:00,vendredi,Ingé Informatique 3ème année,22306374,"IG3-TP2, IG3-TD2, IG3-TOUS"
Anglais S5,TD,G2,XA1S534C,20/10/2025 09:45,2025-10-20,09:45:00,lundi,Ingé Informatique 3ème année,22306374,"IG3-TP2, IG3-TD2, IG3-TOUS"
Anglais S5,TD,G2,XA1S534C,20/10/2025 11:30,2025-10-20,11:30:00,lundi,Ingé Informatique 3ème année,22306374,"IG3-TP2, IG3-TD2, IG3-TOUS"
Modélisation et stat,CMTD,G2,XA1S523C,20/10/2025 15:45,2025-10-20,15:45:00,lundi,Ingé Informatique 3ème année,22306374,"IG3-TP2, IG3-TD2, IG3-TOUS"
Maths pour info,CMTD,G2,XA1S522C,22/10/2025 10:30,2025-10-22,10:30:00,mercredi,Ingé Informatique 3ème année,22306374,"IG3-TP2, IG3-TD2, IG3-TOUS"
Fondamentaux BD relat.,CMTD,G2,XA1S514C,24/10/2025 08:00,2025-10-24,08:00:00,vendredi,Ingé Informatique 3ème année,22306374,"IG3-TP2, IG3-TD2, IG3-TOUS"
Maths pour info,CMTD,G2,XA1S522C,24/10/2025 09:45,2025-10-24,09:45:00,vendredi,Ingé Informatique 3ème année,22306374,"IG3-TP2, IG3-TD2, IG3-TOUS"
Fondamentaux BD relat.,CMTD,G2,XA1S514C,24/10/2025 14:00,2025-10-24,14:00:00,vendredi,Ingé Informatique 3ème année,22306374,"IG3-TP2, IG3-TD2, IG3-TOUS"
Modélisation et stat,CMTD,G2,XA1S523C,24/10/2025 15:45,2025-10-24,15:45:00,vendredi,Ingé Informatique 3ème année,22306374,"IG3-TP2, IG3-TD2, IG3-TOUS"
Projet C,PROJ,G2,XA1S506C,25/11/2025 08:00,2025-11-25,08:00:00,mardi,Ingé Informatique 3ème année,22306374,"IG3-TP2, IG3-TD2, IG3-TOUS"
Intro prog C,CMTD,G2,XA1S504C,16/09/2025 08:00,2025-09-16,08:00:00,mardi,Ingé Dév Info et Exploi APP 3ème année,22305396,"IG3-TP2, IG3-TD2, IG3-TOUS"
Maths pour info,CMTD,G2,XA1S522C,25/09/2025 09:45,2025-09-25,09:45:00,jeudi,Ingé Dév Info et Exploi APP 3ème année,22305396,"IG3-TP2, IG3-TD2, IG3-TOUS"
Modélisation et stat,CMTD,G2,XA1S523C,06/10/2025 15:45,2025-10-06,15:45:00,lundi,Ingé Dév Info et Exploi APP 3ème année,22305396,"IG3-TP2, IG3-TD2, IG3-TOUS"
Modélisation et stat,CMTD,G2,XA1S523C,07/10/2025 15:45,2025-10-07,15:45:00,mardi,Ingé Dév Info et Exploi APP 3ème année,22305396,"IG3-TP2, IG3-TD2, IG3-TOUS"
Modélisation et stat,CMTD,G2,XA1S523C,20/10/2025 15:45,2025-10-20,15:45:00,lundi,Ingé Dév Info et Exploi APP 3ème année,22305396,"IG3-TP2, IG3-TD2, IG3-TOUS"
Fondamentaux BD relat.,CMTD,G2,XA1S514C,24/10/2025 08:00,2025-10-24,08:00:00,vendredi,Ingé Dév Info et Exploi APP 3ème année,22305396,"IG3-TP2, IG3-TD2, IG3-TOUS"
Fondamentaux BD relat.,CMTD,G2,XA1S514C,24/10/2025 14:00,2025-10-24,14:00:00,vendredi,Ingé Dév Info et Exploi APP 3ème année,22305396,"IG3-TP2, IG3-TD2, IG3-TOUS"
Modélisation et stat,CMTD,G2,XA1S523C,24/10/2025 15:45,2025-10-24,15:45:00,vendredi,Ingé Dév Info et Exploi APP 3ème année,22305396,"IG3-TP2, IG3-TD2, IG3-TOUS"
Algo.et Types abstrait 1,CMTD,G2,XA1S511C,03/11/2025 09:45,2025-11-03,09:45:00,lundi,Ingé Dév Info et Exploi APP 3ème année,22305396,"IG3-TP2, IG3-TD2, IG3-TOUS"
Fondamentaux BD relat.,CMTD,G2,XA1S514C,03/11/2025 14:00,2025-11-03,14:00:00,lundi,Ingé Dév Info et Exploi APP 3ème année,22305396,"IG3-TP2, IG3-TD2, IG3-TOUS"
Algo.et Types abstrait 1,CMTD,G2,XA1S511C,04/11/2025 09:45,2025-11-04,09:45:00,mardi,Ingé Dév Info et Exploi APP 3ème année,22305396,"IG3-TP2, IG3-TD2, IG3-TOUS"
Modélisation et stat,CMTD,G2,XA1S523C,04/11/2025 14:00,2025-11-04,14:00:00,mardi,Ingé Dév Info et Exploi APP 3ème année,22305396,"IG3-TP2, IG3-TD2, IG3-TOUS"
Fondamentaux BD relat.,TP,G2,XA1S514C,05/11/2025 08:00,2025-11-05,08:00:00,mercredi,Ingé Dév Info et Exploi APP 3ème année,22305396,"IG3-TP2, IG3-TD2, IG3-TOUS"
Algo.et Types abstrait 1,TP,G2,XA1S511C,12/11/2025 09:45,2025-11-12,09:45:00,mercredi,Ingé Dév Info et Exploi APP 3ème année,22305396,"IG3-TP2, IG3-TD2, IG3-TOUS"
Optim science données,CMTD,G2,XA1S524C,24/11/2025 14:00,2025-11-24,14:00:00,lundi,Ingé Dév Info et Exploi APP 3ème année,22305396,"IG3-TP2, IG3-TD2, IG3-TOUS"
Projet C,PROJ,G2,XA1S506C,25/11/2025 08:00,2025-11-25,08:00:00,mardi,Ingé Dév Info et Exploi APP 3ème année,22305396,"IG3-TP2, IG3-TD2, IG3-TOUS"
Algo.et Types abstrait 1,CMTD,G2,XA1S511C,03/12/2025 10:30,2025-12-03,10:30:00,mercredi,Ingé Dév Info et Exploi APP 3ème année,22305396,"IG3-TP2, IG3-TD2, IG3-TOUS"
Projet C,PROJ,G1,XA1S506C,25/11/2025 08:00,2025-11-25,08:00:00,mardi,Ingé Informatique 3ème année,22201730,"IG3-TP1, IG3-TD1, IG3-TOUS"
Maths pour info,CMTD,G2,XA1S522C,22/10/2025 10:30,2025-10-22,10:30:00,mercredi,Ingé Informatique 3ème année,22303619,"IG3-TP2, IG3-TD2, IG3-TOUS"
Projet C,PROJ,G2,XA1S506C,17/11/2025 08:00,2025-11-17,08:00:00,lundi,Ingé Informatique 3ème année,22303619,"IG3-TP2, IG3-TD2, IG3-TOUS"
Projet C,PROJ,G2,XA1S506C,25/11/2025 08:00,2025-11-25,08:00:00,mardi,Ingé Informatique 3ème année,22303619,"IG3-TP2, IG3-TD2, IG3-TOUS"
Modélisation et stat,CMTD,G1,XA1S523C,06/10/2025 14:00,2025-10-06,14:00:00,lundi,Ingé Informatique 3ème année,22514330,"IG3-TP1, IG3-TD1, IG3-TOUS"
Modélisation et stat,CMTD,G1,XA1S523C,07/10/2025 14:00,2025-10-07,14:00:00,mardi,Ingé Informatique 3ème année,22514330,"IG3-TP1, IG3-TD1, IG3-TOUS"
Algo.et Types abstrait 1,CMTD,G1,XA1S511C,13/10/2025 15:45,2025-10-13,15:45:00,lundi,Ingé Informatique 3ème année,22514330,"IG3-TP1, IG3-TD1, IG3-TOUS"
Maths pour info,CMTD,G1,XA1S522C,24/10/2025 08:00,2025-10-24,08:00:00,vendredi,Ingé Informatique 3ème année,22514330,"IG3-TP1, IG3-TD1, IG3-TOUS"
Projet C,PROJ,G1,XA1S506C,25/11/2025 08:00,2025-11-25,08:00:00,mardi,Ingé Informatique 3ème année,22514330,"IG3-TP1, IG3-TD1, IG3-TOUS"
Maths pour info,CMTD,G2,XA1S522C,24/09/2025 10:30,2025-09-24,10:30:00,mercredi,Ingé Informatique 3ème année,22514362,"IG3-TP2, IG3-TD2, IG3-TOUS"
Maths pour info,CMTD,G2,XA1S522C,29/09/2025 09:45,2025-09-29,09:45:00,lundi,Ingé Informatique 3ème année,22514362,"IG3-TP2, IG3-TD2, IG3-TOUS"
Maths pour info,CMTD,G2,XA1S522C,17/10/2025 09:45,2025-10-17,09:45:00,vendredi,Ingé Informatique 3ème année,22514362,"IG3-TP2, IG3-TD2, IG3-TOUS"
Maths pour info,CMTD,G2,XA1S522C,05/11/2025 09:45,2025-11-05,09:45:00,mercredi,Ingé Informatique 3ème année,22514362,"IG3-TP2, IG3-TD2, IG3-TOUS"
Projet C,PROJ,G2,XA1S506C,17/11/2025 08:00,2025-11-17,08:00:00,lundi,Ingé Informatique 3ème année,22514362,"IG3-TP2, IG3-TD2, IG3-TOUS"
Projet C,PROJ,G2,XA1S506C,25/11/2025 08:00,2025-11-25,08:00:00,mardi,Ingé Informatique 3ème année,22514362,"IG3-TP2, IG3-TD2, IG3-TOUS"
Algo.et Types abstrait 1,CMTD,G2,XA1S511C,03/12/2025 10:30,2025-12-03,10:30:00,mercredi,Ingé Informatique 3ème année,22514362,"IG3-TP2, IG3-TD2, IG3-TOUS"
Maths pour info,CMTD,G2,XA1S522C,29/09/2025 09:45,2025-09-29,09:45:00,lundi,Ingé Informatique 3ème année,22302276,"IG3-TP2, IG3-TD2, IG3-TOUS"
Modélisation et stat,CMTD,G2,XA1S523C,29/09/2025 15:45,2025-09-29,15:45:00,lundi,Ingé Informatique 3ème année,22302276,"IG3-TP2, IG3-TD2, IG3-TOUS"
Maths pour info,CMTD,G2,XA1S522C,02/10/2025 11:30,2025-10-02,11:30:00,jeudi,Ingé Informatique 3ème année,22302276,"IG3-TP2, IG3-TD2, IG3-TOUS"
Modélisation et stat,CMTD,G2,XA1S523C,06/10/2025 15:45,2025-10-06,15:45:00,lundi,Ingé Informatique 3ème année,22302276,"IG3-TP2, IG3-TD2, IG3-TOUS"
Modélisation et stat,CMTD,G2,XA1S523C,07/10/2025 15:45,2025-10-07,15:45:00,mardi,Ingé Informatique 3ème année,22302276,"IG3-TP2, IG3-TD2, IG3-TOUS"
Optim science données,CMTD,G2,XA1S524C,24/11/2025 14:00,2025-11-24,14:00:00,lundi,Ingé Informatique 3ème année,22302276,"IG3-TP2, IG3-TD2, IG3-TOUS"
Projet C,PROJ,G1,XA1S506C,25/11/2025 08:00,2025-11-25,08:00:00,mardi,Ingé Informatique 3ème année,22202894,"IG3-TP1, IG3-TD1, IG3-TOUS"
Algo.et Types abstrait 1,CMTD,G1,XA1S511C,14/10/2025 08:00,2025-10-14,08:00:00,mardi,Ingé Informatique 3ème année,22106340,"IG3-TP1, IG3-TD1, IG3-TOUS"
Optim science données,CMTD,G1,XA1S524C,14/10/2025 09:45,2025-10-14,09:45:00,mardi,Ingé Informatique 3ème année,22106340,"IG3-TP1, IG3-TD1, IG3-TOUS"
Maths pour info,CMTD,G1,XA1S522C,22/10/2025 08:45,2025-10-22,08:45:00,mercredi,Ingé Informatique 3ème année,22106340,"IG3-TP1, IG3-TD1, IG3-TOUS"
Fondamentaux BD relat.,CMTD,G1,XA1S514C,24/10/2025 15:45,2025-10-24,15:45:00,vendredi,Ingé Informatique 3ème année,22106340,"IG3-TP1, IG3-TD1, IG3-TOUS"
Algo.et Types abstrait 1,CMTD,G1,XA1S511C,04/11/2025 08:00,2025-11-04,08:00:00,mardi,Ingé Informatique 3ème année,22106340,"IG3-TP1, IG3-TD1, IG3-TOUS"
Maths pour info,CMTD,G1,XA1S522C,05/11/2025 08:00,2025-11-05,08:00:00,mercredi,Ingé Informatique 3ème année,22106340,"IG3-TP1, IG3-TD1, IG3-TOUS"
Fondamentaux BD relat.,TP,G1,XA1S514C,05/11/2025 09:45,2025-11-05,09:45:00,mercredi,Ingé Informatique 3ème année,22106340,"IG3-TP1, IG3-TD1, IG3-TOUS"
Projet C,PROJ,G1,XA1S506C,17/11/2025 08:00,2025-11-17,08:00:00,lundi,Ingé Informatique 3ème année,22106340,"IG3-TP1, IG3-TD1, IG3-TOUS"
Projet C,PROJ,G1,XA1S506C,25/11/2025 08:00,2025-11-25,08:00:00,mardi,Ingé Informatique 3ème année,22106340,"IG3-TP1, IG3-TD1, IG3-TOUS"
Algo.et Types abstrait 1,CMTD,G2,XA1S511C,03/11/2025 09:45,2025-11-03,09:45:00,lundi,Ingé Informatique 3ème année,22307763,"IG3-TP2, IG3-TD2, IG3-TOUS"
Fondamentaux BD relat.,TP,G2,XA1S514C,05/11/2025 08:00,2025-11-05,08:00:00,mercredi,Ingé Informatique 3ème année,22515430,"IG3-TP2, IG3-TD2, IG3-TOUS"
Projet C,PROJ,G2,XA1S506C,25/11/2025 08:00,2025-11-25,08:00:00,mardi,Ingé Informatique 3ème année,22515430,"IG3-TP2, IG3-TD2, IG3-TOUS"
Maths pour info,CMTD,G2,XA1S522C,24/09/2025 10:30,2025-09-24,10:30:00,mercredi,Ingé Informatique 3ème année,22515320,"IG3-TP2, IG3-TD2, IG3-TOUS"
Algo.et Types abstrait 1,TP,G2,XA1S511C,12/11/2025 09:45,2025-11-12,09:45:00,mercredi,Ingé Informatique 3ème année,22515320,"IG3-TP2, IG3-TD2, IG3-TOUS"
Projet C,PROJ,G2,XA1S506C,25/11/2025 08:00,2025-11-25,08:00:00,mardi,Ingé Informatique 3ème année,22515320,"IG3-TP2, IG3-TD2, IG3-TOUS"
Algo.et Types abstrait 1,CMTD,G2,XA1S511C,01/12/2025 08:00,2025-12-01,08:00:00,lundi,Ingé Informatique 3ème année,22515320,"IG3-TP2, IG3-TD2, IG3-TOUS"
Algo.et Types abstrait 1,CMTD,G1,XA1S511C,03/11/2025 11:30,2025-11-03,11:30:00,lundi,Ingé Informatique 3ème année,22314487,"IG3-TP1, IG3-TD1, IG3-TOUS"
Fondamentaux BD relat.,CMTD,G1,XA1S514C,03/11/2025 15:45,2025-11-03,15:45:00,lundi,Ingé Informatique 3ème année,22314487,"IG3-TP1, IG3-TD1, IG3-TOUS"
Algo.et Types abstrait 1,CMTD,G1,XA1S511C,04/11/2025 08:00,2025-11-04,08:00:00,mardi,Ingé Informatique 3ème année,22314487,"IG3-TP1, IG3-TD1, IG3-TOUS"
Modélisation et stat,CMTD,G1,XA1S523C,04/11/2025 15:45,2025-11-04,15:45:00,mardi,Ingé Informatique 3ème année,22314487,"IG3-TP1, IG3-TD1, IG3-TOUS"
Projet C,PROJ,G1,XA1S506C,25/11/2025 08:00,2025-11-25,08:00:00,mardi,Ingé Informatique 3ème année,22314487,"IG3-TP1, IG3-TD1, IG3-TOUS"
Projet C,PROJ,G2,XA1S506C,25/11/2025 08:00,2025-11-25,08:00:00,mardi,Ingé Informatique 3ème année,22314034,"IG3-TP2, IG3-TD2, IG3-TOUS"
Fondamentaux BD relat.,CMTD,G1,XA1S514C,23/10/2025 11:30,2025-10-23,11:30:00,jeudi,Ingé Informatique 3ème année,22507731,"IG3-TP1, IG3-TD1, IG3-TOUS"
Maths pour info,CMTD,G1,XA1S522C,24/10/2025 08:00,2025-10-24,08:00:00,vendredi,Ingé Informatique 3ème année,22507731,"IG3-TP1, IG3-TD1, IG3-TOUS"
Projet C,PROJ,G1,XA1S506C,25/11/2025 08:00,2025-11-25,08:00:00,mardi,Ingé Informatique 3ème année,22507731,"IG3-TP1, IG3-TD1, IG3-TOUS"
Projet C,PROJ,G1,XA1S506C,25/11/2025 08:00,2025-11-25,08:00:00,mardi,Ingé Informatique 3ème année,22500082,"IG3-TP1, IG3-TD1, IG3-TOUS"
Fondamentaux BD relat.,CMTD,G2,XA1S514C,24/10/2025 08:00,2025-10-24,08:00:00,vendredi,Ingé Informatique 3ème année,22501880,"IG3-TP2, IG3-TD2, IG3-TOUS"
Projet C,PROJ,G2,XA1S506C,25/11/2025 08:00,2025-11-25,08:00:00,mardi,Ingé Informatique 3ème année,22501880,"IG3-TP2, IG3-TD2, IG3-TOUS"
Maths pour info,CMTD,G1,XA1S522C,01/10/2025 08:45,2025-10-01,08:45:00,mercredi,Ingé Informatique 3ème année,22303345,"IG3-TP1, IG3-TD1, IG3-TOUS"
Anglais S5,TD,G1,XA1S534C,20/10/2025 09:45,2025-10-20,09:45:00,lundi,Ingé Informatique 3ème année,22303345,"IG3-TP1, IG3-TD1, IG3-TOUS"
Anglais S5,TD,G1,XA1S534C,20/10/2025 11:30,2025-10-20,11:30:00,lundi,Ingé Informatique 3ème année,22303345,"IG3-TP1, IG3-TD1, IG3-TOUS"
Modélisation et stat,CMTD,G1,XA1S523C,20/10/2025 14:00,2025-10-20,14:00:00,lundi,Ingé Informatique 3ème année,22303345,"IG3-TP1, IG3-TD1, IG3-TOUS"
Maths pour info,CMTD,G1,XA1S522C,22/10/2025 08:45,2025-10-22,08:45:00,mercredi,Ingé Informatique 3ème année,22303345,"IG3-TP1, IG3-TD1, IG3-TOUS"
Fondamentaux BD relat.,CMTD,G1,XA1S514C,24/10/2025 15:45,2025-10-24,15:45:00,vendredi,Ingé Informatique 3ème année,22303345,"IG3-TP1, IG3-TD1, IG3-TOUS"
Projet C,PROJ,G1,XA1S506C,25/11/2025 08:00,2025-11-25,08:00:00,mardi,Ingé Informatique 3ème année,22303345,"IG3-TP1, IG3-TD1, IG3-TOUS"
Maths pour info,CMTD,G2,XA1S522C,29/09/2025 09:45,2025-09-29,09:45:00,lundi,Ingé Informatique 3ème année,22514023,"IG3-TP2, IG3-TD2, IG3-TOUS"
Maths pour info,CMTD,G2,XA1S522C,17/10/2025 09:45,2025-10-17,09:45:00,vendredi,Ingé Informatique 3ème année,22514023,"IG3-TP2, IG3-TD2, IG3-TOUS"
Projet C,PROJ,G2,XA1S506C,25/11/2025 08:00,2025-11-25,08:00:00,mardi,Ingé Informatique 3ème année,22514023,"IG3-TP2, IG3-TD2, IG3-TOUS"
Maths pour info,CMTD,G2,XA1S522C,25/11/2025 09:45,2025-11-25,09:45:00,mardi,Ingé Informatique 3ème année,22514023,"IG3-TP2, IG3-TD2, IG3-TOUS"
Algo.et Types abstrait 1,CMTD,G2,XA1S511C,01/12/2025 08:00,2025-12-01,08:00:00,lundi,Ingé Informatique 3ème année,22514023,"IG3-TP2, IG3-TD2, IG3-TOUS"
Modélisation et stat,CMTD,G1,XA1S523C,10/10/2025 14:00,2025-10-10,14:00:00,vendredi,Ingé Informatique 3ème année,22203372,"IG3-TP1, IG3-TD1, IG3-TOUS"
Projet C,PROJ,G1,XA1S506C,25/11/2025 08:00,2025-11-25,08:00:00,mardi,Ingé Informatique 3ème année,22203372,"IG3-TP1, IG3-TD1, IG3-TOUS"
Maths pour info,CMTD,G1,XA1S522C,24/09/2025 08:45,2025-09-24,08:45:00,mercredi,Ingé Informatique 3ème année,22306306,"IG3-TP1, IG3-TD1, IG3-TOUS"
Optim science données,CMTD,G1,XA1S524C,24/09/2025 10:30,2025-09-24,10:30:00,mercredi,Ingé Informatique 3ème année,22306306,"IG3-TP1, IG3-TD1, IG3-TOUS"
Optim science données,CMTD,G1,XA1S524C,07/10/2025 09:45,2025-10-07,09:45:00,mardi,Ingé Informatique 3ème année,22306306,"IG3-TP1, IG3-TD1, IG3-TOUS"
Optim science données,CMTD,G1,XA1S524C,08/10/2025 08:00,2025-10-08,08:00:00,mercredi,Ingé Informatique 3ème année,22306306,"IG3-TP1, IG3-TD1, IG3-TOUS"
Modélisation et stat,CMTD,G1,XA1S523C,10/10/2025 14:00,2025-10-10,14:00:00,vendredi,Ingé Informatique 3ème année,22306306,"IG3-TP1, IG3-TD1, IG3-TOUS"
Algo.et Types abstrait 1,CMTD,G1,XA1S511C,14/10/2025 08:00,2025-10-14,08:00:00,mardi,Ingé Informatique 3ème année,22306306,"IG3-TP1, IG3-TD1, IG3-TOUS"
Optim science données,CMTD,G1,XA1S524C,14/10/2025 09:45,2025-10-14,09:45:00,mardi,Ingé Informatique 3ème année,22306306,"IG3-TP1, IG3-TD1, IG3-TOUS"
Algo.et Types abstrait 1,CMTD,G1,XA1S511C,15/10/2025 09:45,2025-10-15,09:45:00,mercredi,Ingé Informatique 3ème année,22306306,"IG3-TP1, IG3-TD1, IG3-TOUS"
Maths pour info,CMTD,G1,XA1S522C,17/10/2025 08:00,2025-10-17,08:00:00,vendredi,Ingé Informatique 3ème année,22306306,"IG3-TP1, IG3-TD1, IG3-TOUS"
Maths pour info,CMTD,G1,XA1S522C,24/10/2025 08:00,2025-10-24,08:00:00,vendredi,Ingé Informatique 3ème année,22306306,"IG3-TP1, IG3-TD1, IG3-TOUS"
Modélisation et stat,CMTD,G1,XA1S523C,24/10/2025 14:00,2025-10-24,14:00:00,vendredi,Ingé Informatique 3ème année,22306306,"IG3-TP1, IG3-TD1, IG3-TOUS"
Fondamentaux BD relat.,CMTD,G1,XA1S514C,24/10/2025 15:45,2025-10-24,15:45:00,vendredi,Ingé Informatique 3ème année,22306306,"IG3-TP1, IG3-TD1, IG3-TOUS"
Algo.et Types abstrait 1,CMTD,G1,XA1S511C,03/11/2025 11:30,2025-11-03,11:30:00,lundi,Ingé Informatique 3ème année,22306306,"IG3-TP1, IG3-TD1, IG3-TOUS"
Fondamentaux BD relat.,CMTD,G1,XA1S514C,03/11/2025 15:45,2025-11-03,15:45:00,lundi,Ingé Informatique 3ème année,22306306,"IG3-TP1, IG3-TD1, IG3-TOUS"
Algo.et Types abstrait 1,CMTD,G1,XA1S511C,04/11/2025 08:00,2025-11-04,08:00:00,mardi,Ingé Informatique 3ème année,22306306,"IG3-TP1, IG3-TD1, IG3-TOUS"
Modélisation et stat,CMTD,G1,XA1S523C,04/11/2025 15:45,2025-11-04,15:45:00,mardi,Ingé Informatique 3ème année,22306306,"IG3-TP1, IG3-TD1, IG3-TOUS"
Maths pour info,CMTD,G1,XA1S522C,05/11/2025 08:00,2025-11-05,08:00:00,mercredi,Ingé Informatique 3ème année,22306306,"IG3-TP1, IG3-TD1, IG3-TOUS"
Fondamentaux BD relat.,TP,G1,XA1S514C,05/11/2025 09:45,2025-11-05,09:45:00,mercredi,Ingé Informatique 3ème année,22306306,"IG3-TP1, IG3-TD1, IG3-TOUS"
Anglais S5,TD,G1,XA1S534C,10/11/2025 09:45,2025-11-10,09:45:00,lundi,Ingé Informatique 3ème année,22306306,"IG3-TP1, IG3-TD1, IG3-TOUS"
Anglais S5,TD,G1,XA1S534C,10/11/2025 11:30,2025-11-10,11:30:00,lundi,Ingé Informatique 3ème année,22306306,"IG3-TP1, IG3-TD1, IG3-TOUS"
Anglais S5,TD,G1,XA1S534C,24/11/2025 09:45,2025-11-24,09:45:00,lundi,Ingé Informatique 3ème année,22306306,"IG3-TP1, IG3-TD1, IG3-TOUS"
Anglais S5,TD,G1,XA1S534C,24/11/2025 11:30,2025-11-24,11:30:00,lundi,Ingé Informatique 3ème année,22306306,"IG3-TP1, IG3-TD1, IG3-TOUS"
Projet C,PROJ,G1,XA1S506C,25/11/2025 08:00,2025-11-25,08:00:00,mardi,Ingé Informatique 3ème année,22306306,"IG3-TP1, IG3-TD1, IG3-TOUS"
Projet C,PROJ,G2,XA1S506C,25/11/2025 08:00,2025-11-25,08:00:00,mardi,Ingé Informatique 3ème année,22509348,"IG3-TP2, IG3-TD2, IG3-TOUS"
Optim science données,CMTD,G1,XA1S524C,15/09/2025 09:45,2025-09-15,09:45:00,lundi,Ingé Informatique 3ème année,22307599,"IG3-TP1, IG3-TD1, IG3-TOUS"
Intro prog C,CMTD,G1,XA1S504C,15/09/2025 14:00,2025-09-15,14:00:00,lundi,Ingé Informatique 3ème année,22307599,"IG3-TP1, IG3-TD1, IG3-TOUS"
Intro prog C,CMTD,G1,XA1S504C,16/09/2025 08:00,2025-09-16,08:00:00,mardi,Ingé Informatique 3ème année,22307599,"IG3-TP1, IG3-TD1, IG3-TOUS"
Intro prog C,CMTD,G1,XA1S504C,16/09/2025 09:45,2025-09-16,09:45:00,mardi,Ingé Informatique 3ème année,22307599,"IG3-TP1, IG3-TD1, IG3-TOUS"
Intro prog C,CMTD,G1,XA1S504C,16/09/2025 11:30,2025-09-16,11:30:00,mardi,Ingé Informatique 3ème année,22307599,"IG3-TP1, IG3-TD1, IG3-TOUS"
Modélisation et stat,CMTD,G1,XA1S523C,16/09/2025 14:00,2025-09-16,14:00:00,mardi,Ingé Informatique 3ème année,22307599,"IG3-TP1, IG3-TD1, IG3-TOUS"
Optim science données,CMTD,G1,XA1S524C,24/09/2025 10:30,2025-09-24,10:30:00,mercredi,Ingé Informatique 3ème année,22307599,"IG3-TP1, IG3-TD1, IG3-TOUS"
Modélisation et stat,CMTD,G1,XA1S523C,10/10/2025 14:00,2025-10-10,14:00:00,vendredi,Ingé Informatique 3ème année,22307599,"IG3-TP1, IG3-TD1, IG3-TOUS"
Maths pour info,CMTD,G1,XA1S522C,24/10/2025 08:00,2025-10-24,08:00:00,vendredi,Ingé Informatique 3ème année,22307599,"IG3-TP1, IG3-TD1, IG3-TOUS"
Modélisation et stat,CMTD,G1,XA1S523C,24/10/2025 14:00,2025-10-24,14:00:00,vendredi,Ingé Informatique 3ème année,22307599,"IG3-TP1, IG3-TD1, IG3-TOUS"
Fondamentaux BD relat.,CMTD,G1,XA1S514C,24/10/2025 15:45,2025-10-24,15:45:00,vendredi,Ingé Informatique 3ème année,22307599,"IG3-TP1, IG3-TD1, IG3-TOUS"
Anglais S5,TD,G1,XA1S534C,24/11/2025 09:45,2025-11-24,09:45:00,lundi,Ingé Informatique 3ème année,22307599,"IG3-TP1, IG3-TD1, IG3-TOUS"
Anglais S5,TD,G1,XA1S534C,24/11/2025 11:30,2025-11-24,11:30:00,lundi,Ingé Informatique 3ème année,22307599,"IG3-TP1, IG3-TD1, IG3-TOUS"
Projet C,PROJ,G1,XA1S506C,25/11/2025 08:00,2025-11-25,08:00:00,mardi,Ingé Informatique 3ème année,22307599,"IG3-TP1, IG3-TD1, IG3-TOUS"
Algo.et Types abstrait 1,CMTD,G1,XA1S511C,03/12/2025 08:45,2025-12-03,08:45:00,mercredi,Ingé Informatique 3ème année,22307599,"IG3-TP1, IG3-TD1, IG3-TOUS"
Maths pour info,CMTD,G1,XA1S522C,22/10/2025 08:45,2025-10-22,08:45:00,mercredi,Ingé Informatique 3ème année,22320171,"IG3-TP1, IG3-TD1, IG3-TOUS"
Projet C,PROJ,G1,XA1S506C,25/11/2025 08:00,2025-11-25,08:00:00,mardi,Ingé Informatique 3ème année,22320171,"IG3-TP1, IG3-TD1, IG3-TOUS"
Shell & CLI,CM,,XA1S500C,08/09/2025 08:00,2025-09-08,08:00:00,lundi,Ingé Informatique 3ème année,22515448,"IG3-TP1, IG3-TD1, IG3-TOUS"
Optim science données,CMTD,G1,XA1S524C,15/09/2025 09:45,2025-09-15,09:45:00,lundi,Ingé Informatique 3ème année,22515448,"IG3-TP1, IG3-TD1, IG3-TOUS"
Maths pour info,CMTD,G1,XA1S522C,24/09/2025 08:45,2025-09-24,08:45:00,mercredi,Ingé Informatique 3ème année,22515448,"IG3-TP1, IG3-TD1, IG3-TOUS"
Modélisation et stat,CMTD,G1,XA1S523C,29/09/2025 14:00,2025-09-29,14:00:00,lundi,Ingé Informatique 3ème année,22515448,"IG3-TP1, IG3-TD1, IG3-TOUS"
Maths pour info,CMTD,G1,XA1S522C,01/10/2025 08:45,2025-10-01,08:45:00,mercredi,Ingé Informatique 3ème année,22515448,"IG3-TP1, IG3-TD1, IG3-TOUS"
Optim science données,CMTD,G1,XA1S524C,07/10/2025 09:45,2025-10-07,09:45:00,mardi,Ingé Informatique 3ème année,22515448,"IG3-TP1, IG3-TD1, IG3-TOUS"
Optim science données,CMTD,G1,XA1S524C,07/10/2025 11:30,2025-10-07,11:30:00,mardi,Ingé Informatique 3ème année,22515448,"IG3-TP1, IG3-TD1, IG3-TOUS"
Optim science données,CMTD,G1,XA1S524C,08/10/2025 08:00,2025-10-08,08:00:00,mercredi,Ingé Informatique 3ème année,22515448,"IG3-TP1, IG3-TD1, IG3-TOUS"
Algo.et Types abstrait 1,CMTD,G1,XA1S511C,08/10/2025 09:45,2025-10-08,09:45:00,mercredi,Ingé Informatique 3ème année,22515448,"IG3-TP1, IG3-TD1, IG3-TOUS"
Anglais S5,TD,G1,XA1S534C,13/10/2025 09:45,2025-10-13,09:45:00,lundi,Ingé Informatique 3ème année,22515448,"IG3-TP1, IG3-TD1, IG3-TOUS"
Anglais S5,TD,G1,XA1S534C,13/10/2025 11:30,2025-10-13,11:30:00,lundi,Ingé Informatique 3ème année,22515448,"IG3-TP1, IG3-TD1, IG3-TOUS"
Optim science données,CMTD,G1,XA1S524C,14/10/2025 15:45,2025-10-14,15:45:00,mardi,Ingé Informatique 3ème année,22515448,"IG3-TP1, IG3-TD1, IG3-TOUS"
Algo.et Types abstrait 1,CMTD,G1,XA1S511C,15/10/2025 09:45,2025-10-15,09:45:00,mercredi,Ingé Informatique 3ème année,22515448,"IG3-TP1, IG3-TD1, IG3-TOUS"
Maths pour info,CMTD,G1,XA1S522C,17/10/2025 08:00,2025-10-17,08:00:00,vendredi,Ingé Informatique 3ème année,22515448,"IG3-TP1, IG3-TD1, IG3-TOUS"
Anglais S5,TD,G1,XA1S534C,20/10/2025 09:45,2025-10-20,09:45:00,lundi,Ingé Informatique 3ème année,22515448,"IG3-TP1, IG3-TD1, IG3-TOUS"
Anglais S5,TD,G1,XA1S534C,20/10/2025 11:30,2025-10-20,11:30:00,lundi,Ingé Informatique 3ème année,22515448,"IG3-TP1, IG3-TD1, IG3-TOUS"
Modélisation et stat,CMTD,G1,XA1S523C,20/10/2025 14:00,2025-10-20,14:00:00,lundi,Ingé Informatique 3ème année,22515448,"IG3-TP1, IG3-TD1, IG3-TOUS"
Maths pour info,CMTD,G1,XA1S522C,22/10/2025 08:45,2025-10-22,08:45:00,mercredi,Ingé Informatique 3ème année,22515448,"IG3-TP1, IG3-TD1, IG3-TOUS"
Fondamentaux BD relat.,CMTD,G1,XA1S514C,23/10/2025 11:30,2025-10-23,11:30:00,jeudi,Ingé Informatique 3ème année,22515448,"IG3-TP1, IG3-TD1, IG3-TOUS"
Maths pour info,CMTD,G1,XA1S522C,24/10/2025 08:00,2025-10-24,08:00:00,vendredi,Ingé Informatique 3ème année,22515448,"IG3-TP1, IG3-TD1, IG3-TOUS"
Modélisation et stat,CMTD,G1,XA1S523C,24/10/2025 14:00,2025-10-24,14:00:00,vendredi,Ingé Informatique 3ème année,22515448,"IG3-TP1, IG3-TD1, IG3-TOUS"
Fondamentaux BD relat.,CMTD,G1,XA1S514C,24/10/2025 15:45,2025-10-24,15:45:00,vendredi,Ingé Informatique 3ème année,22515448,"IG3-TP1, IG3-TD1, IG3-TOUS"
Algo.et Types abstrait 1,CMTD,G1,XA1S511C,03/11/2025 11:30,2025-11-03,11:30:00,lundi,Ingé Informatique 3ème année,22515448,"IG3-TP1, IG3-TD1, IG3-TOUS"
Algo.et Types abstrait 1,CMTD,G1,XA1S511C,04/11/2025 08:00,2025-11-04,08:00:00,mardi,Ingé Informatique 3ème année,22515448,"IG3-TP1, IG3-TD1, IG3-TOUS"
Maths pour info,CMTD,G1,XA1S522C,05/11/2025 08:00,2025-11-05,08:00:00,mercredi,Ingé Informatique 3ème année,22515448,"IG3-TP1, IG3-TD1, IG3-TOUS"
Fondamentaux BD relat.,TP,G1,XA1S514C,05/11/2025 09:45,2025-11-05,09:45:00,mercredi,Ingé Informatique 3ème année,22515448,"IG3-TP1, IG3-TD1, IG3-TOUS"
Projet C,PROJ,G1,XA1S506C,25/11/2025 08:00,2025-11-25,08:00:00,mardi,Ingé Informatique 3ème année,22515448,"IG3-TP1, IG3-TD1, IG3-TOUS"
Algo.et Types abstrait 1,CMTD,G1,XA1S511C,03/12/2025 08:45,2025-12-03,08:45:00,mercredi,Ingé Informatique 3ème année,22515448,"IG3-TP1, IG3-TD1, IG3-TOUS"
Algo.et Types abstrait 1,CMTD,G2,XA1S511C,03/11/2025 09:45,2025-11-03,09:45:00,lundi,Ingé Informatique 3ème année,22510645,"IG3-TP2, IG3-TD2, IG3-TOUS"
Fondamentaux BD relat.,CMTD,G2,XA1S514C,03/11/2025 14:00,2025-11-03,14:00:00,lundi,Ingé Informatique 3ème année,22510645,"IG3-TP2, IG3-TD2, IG3-TOUS"
Algo.et Types abstrait 1,CMTD,G2,XA1S511C,04/11/2025 09:45,2025-11-04,09:45:00,mardi,Ingé Informatique 3ème année,22510645,"IG3-TP2, IG3-TD2, IG3-TOUS"
Modélisation et stat,CMTD,G2,XA1S523C,04/11/2025 14:00,2025-11-04,14:00:00,mardi,Ingé Informatique 3ème année,22510645,"IG3-TP2, IG3-TD2, IG3-TOUS"
Optim science données,CMTD,G2,XA1S524C,15/09/2025 11:30,2025-09-15,11:30:00,lundi,Ingé Informatique 3ème année,22509976,"IG3-TP2, IG3-TD2, IG3-TOUS"
Fondamentaux BD relat.,TP,G2,XA1S514C,05/11/2025 08:00,2025-11-05,08:00:00,mercredi,Ingé Informatique 3ème année,22509976,"IG3-TP2, IG3-TD2, IG3-TOUS"
Maths pour info,CMTD,G2,XA1S522C,05/11/2025 09:45,2025-11-05,09:45:00,mercredi,Ingé Informatique 3ème année,22509976,"IG3-TP2, IG3-TD2, IG3-TOUS"
Projet C,PROJ,G2,XA1S506C,25/11/2025 08:00,2025-11-25,08:00:00,mardi,Ingé Informatique 3ème année,22509976,"IG3-TP2, IG3-TD2, IG3-TOUS"
Algo.et Types abstrait 1,CMTD,G1,XA1S511C,13/10/2025 15:45,2025-10-13,15:45:00,lundi,Ingé Informatique 3ème année,22310352,"IG3-TP1, IG3-TD1, IG3-TOUS"
Optim science données,CMTD,G1,XA1S524C,14/10/2025 09:45,2025-10-14,09:45:00,mardi,Ingé Informatique 3ème année,22310352,"IG3-TP1, IG3-TD1, IG3-TOUS"
Maths pour info,CMTD,G1,XA1S522C,14/10/2025 14:00,2025-10-14,14:00:00,mardi,Ingé Informatique 3ème année,22310352,"IG3-TP1, IG3-TD1, IG3-TOUS"
Optim science données,CMTD,G1,XA1S524C,14/10/2025 15:45,2025-10-14,15:45:00,mardi,Ingé Informatique 3ème année,22310352,"IG3-TP1, IG3-TD1, IG3-TOUS"
Algo.et Types abstrait 1,CMTD,G1,XA1S511C,15/10/2025 09:45,2025-10-15,09:45:00,mercredi,Ingé Informatique 3ème année,22310352,"IG3-TP1, IG3-TD1, IG3-TOUS"
Maths pour info,CMTD,G1,XA1S522C,17/10/2025 08:00,2025-10-17,08:00:00,vendredi,Ingé Informatique 3ème année,22310352,"IG3-TP1, IG3-TD1, IG3-TOUS"
Modélisation et stat,CMTD,G1,XA1S523C,20/10/2025 14:00,2025-10-20,14:00:00,lundi,Ingé Informatique 3ème année,22310352,"IG3-TP1, IG3-TD1, IG3-TOUS"
Fondamentaux BD relat.,CMTD,G1,XA1S514C,23/10/2025 11:30,2025-10-23,11:30:00,jeudi,Ingé Informatique 3ème année,22310352,"IG3-TP1, IG3-TD1, IG3-TOUS"
Maths pour info,CMTD,G1,XA1S522C,24/10/2025 08:00,2025-10-24,08:00:00,vendredi,Ingé Informatique 3ème année,22310352,"IG3-TP1, IG3-TD1, IG3-TOUS"
Modélisation et stat,CMTD,G1,XA1S523C,24/10/2025 14:00,2025-10-24,14:00:00,vendredi,Ingé Informatique 3ème année,22310352,"IG3-TP1, IG3-TD1, IG3-TOUS"
Fondamentaux BD relat.,CMTD,G1,XA1S514C,24/10/2025 15:45,2025-10-24,15:45:00,vendredi,Ingé Informatique 3ème année,22310352,"IG3-TP1, IG3-TD1, IG3-TOUS"
Projet C,PROJ,G1,XA1S506C,25/11/2025 08:00,2025-11-25,08:00:00,mardi,Ingé Informatique 3ème année,22310352,"IG3-TP1, IG3-TD1, IG3-TOUS"
Modélisation et stat,CMTD,G1,XA1S523C,24/10/2025 14:00,2025-10-24,14:00:00,vendredi,Ingé Informatique 3ème année,22505652,"IG3-TP1, IG3-TD1, IG3-TOUS"
Projet C,PROJ,G1,XA1S506C,25/11/2025 08:00,2025-11-25,08:00:00,mardi,Ingé Informatique 3ème année,22505652,"IG3-TP1, IG3-TD1, IG3-TOUS"
Optim science données,CMTD,G1,XA1S524C,15/09/2025 09:45,2025-09-15,09:45:00,lundi,Ingé Informatique 3ème année,22414949,"IG3-TP1, IG3-TD1, IG3-TOUS"
Intro prog C,CMTD,G1,XA1S504C,15/09/2025 14:00,2025-09-15,14:00:00,lundi,Ingé Informatique 3ème année,22414949,"IG3-TP1, IG3-TD1, IG3-TOUS"
Intro prog C,CMTD,G1,XA1S504C,16/09/2025 08:00,2025-09-16,08:00:00,mardi,Ingé Informatique 3ème année,22414949,"IG3-TP1, IG3-TD1, IG3-TOUS"
Intro prog C,CMTD,G1,XA1S504C,16/09/2025 09:45,2025-09-16,09:45:00,mardi,Ingé Informatique 3ème année,22414949,"IG3-TP1, IG3-TD1, IG3-TOUS"
Intro prog C,CMTD,G1,XA1S504C,16/09/2025 11:30,2025-09-16,11:30:00,mardi,Ingé Informatique 3ème année,22414949,"IG3-TP1, IG3-TD1, IG3-TOUS"
Modélisation et stat,CMTD,G1,XA1S523C,16/09/2025 14:00,2025-09-16,14:00:00,mardi,Ingé Informatique 3ème année,22414949,"IG3-TP1, IG3-TD1, IG3-TOUS"
Optim science données,CMTD,G1,XA1S524C,19/09/2025 09:45,2025-09-19,09:45:00,vendredi,Ingé Informatique 3ème année,22414949,"IG3-TP1, IG3-TD1, IG3-TOUS"
Optim science données,CMTD,G1,XA1S524C,24/09/2025 10:30,2025-09-24,10:30:00,mercredi,Ingé Informatique 3ème année,22414949,"IG3-TP1, IG3-TD1, IG3-TOUS"
Modélisation et stat,CMTD,G1,XA1S523C,29/09/2025 14:00,2025-09-29,14:00:00,lundi,Ingé Informatique 3ème année,22414949,"IG3-TP1, IG3-TD1, IG3-TOUS"
Optim science données,CMTD,G1,XA1S524C,30/09/2025 09:45,2025-09-30,09:45:00,mardi,Ingé Informatique 3ème année,22414949,"IG3-TP1, IG3-TD1, IG3-TOUS"
Modélisation et stat,CMTD,G1,XA1S523C,06/10/2025 14:00,2025-10-06,14:00:00,lundi,Ingé Informatique 3ème année,22414949,"IG3-TP1, IG3-TD1, IG3-TOUS"
Modélisation et stat,CMTD,G1,XA1S523C,07/10/2025 14:00,2025-10-07,14:00:00,mardi,Ingé Informatique 3ème année,22414949,"IG3-TP1, IG3-TD1, IG3-TOUS"
Optim science données,CMTD,G1,XA1S524C,08/10/2025 08:00,2025-10-08,08:00:00,mercredi,Ingé Informatique 3ème année,22414949,"IG3-TP1, IG3-TD1, IG3-TOUS"
Modélisation et stat,CMTD,G1,XA1S523C,10/10/2025 14:00,2025-10-10,14:00:00,vendredi,Ingé Informatique 3ème année,22414949,"IG3-TP1, IG3-TD1, IG3-TOUS"
Optim science données,CMTD,G1,XA1S524C,14/10/2025 09:45,2025-10-14,09:45:00,mardi,Ingé Informatique 3ème année,22414949,"IG3-TP1, IG3-TD1, IG3-TOUS"
Optim science données,CMTD,G1,XA1S524C,14/10/2025 15:45,2025-10-14,15:45:00,mardi,Ingé Informatique 3ème année,22414949,"IG3-TP1, IG3-TD1, IG3-TOUS"
Modélisation et stat,CMTD,G1,XA1S523C,20/10/2025 14:00,2025-10-20,14:00:00,lundi,Ingé Informatique 3ème année,22414949,"IG3-TP1, IG3-TD1, IG3-TOUS"
Fondamentaux BD relat.,CMTD,G1,XA1S514C,23/10/2025 11:30,2025-10-23,11:30:00,jeudi,Ingé Informatique 3ème année,22414949,"IG3-TP1, IG3-TD1, IG3-TOUS"
Modélisation et stat,CMTD,G1,XA1S523C,24/10/2025 14:00,2025-10-24,14:00:00,vendredi,Ingé Informatique 3ème année,22414949,"IG3-TP1, IG3-TD1, IG3-TOUS"
Fondamentaux BD relat.,CMTD,G1,XA1S514C,24/10/2025 15:45,2025-10-24,15:45:00,vendredi,Ingé Informatique 3ème année,22414949,"IG3-TP1, IG3-TD1, IG3-TOUS"
Algo.et Types abstrait 1,CMTD,G1,XA1S511C,03/11/2025 11:30,2025-11-03,11:30:00,lundi,Ingé Informatique 3ème année,22414949,"IG3-TP1, IG3-TD1, IG3-TOUS"
Fondamentaux BD relat.,CMTD,G1,XA1S514C,03/11/2025 15:45,2025-11-03,15:45:00,lundi,Ingé Informatique 3ème année,22414949,"IG3-TP1, IG3-TD1, IG3-TOUS"
Algo.et Types abstrait 1,CMTD,G1,XA1S511C,04/11/2025 08:00,2025-11-04,08:00:00,mardi,Ingé Informatique 3ème année,22414949,"IG3-TP1, IG3-TD1, IG3-TOUS"
Modélisation et stat,CMTD,G1,XA1S523C,04/11/2025 15:45,2025-11-04,15:45:00,mardi,Ingé Informatique 3ème année,22414949,"IG3-TP1, IG3-TD1, IG3-TOUS"
Fondamentaux BD relat.,TP,G1,XA1S514C,05/11/2025 09:45,2025-11-05,09:45:00,mercredi,Ingé Informatique 3ème année,22414949,"IG3-TP1, IG3-TD1, IG3-TOUS"
Projet C,PROJ,G1,XA1S506C,25/11/2025 08:00,2025-11-25,08:00:00,mardi,Ingé Informatique 3ème année,22414949,"IG3-TP1, IG3-TD1, IG3-TOUS"
Algo.et Types abstrait 1,CMTD,G1,XA1S511C,03/12/2025 08:45,2025-12-03,08:45:00,mercredi,Ingé Informatique 3ème année,22414949,"IG3-TP1, IG3-TD1, IG3-TOUS"
Projet C,PROJ,G1,XA1S506C,25/11/2025 08:00,2025-11-25,08:00:00,mardi,Ingé Informatique 3ème année,22301102,"IG3-TP1, IG3-TD1, IG3-TOUS"
Anglais S5,TD,G2,XA1S534C,06/10/2025 09:45,2025-10-06,09:45:00,lundi,Ingé Informatique 3ème année,22202358,"IG3-TP2, IG3-TD2, IG3-TOUS"
Anglais S5,TD,G2,XA1S534C,06/10/2025 11:30,2025-10-06,11:30:00,lundi,Ingé Informatique 3ème année,22202358,"IG3-TP2, IG3-TD2, IG3-TOUS"
Modélisation et stat,CMTD,G2,XA1S523C,06/10/2025 15:45,2025-10-06,15:45:00,lundi,Ingé Informatique 3ème année,22202358,"IG3-TP2, IG3-TD2, IG3-TOUS"
Optim science données,CMTD,G2,XA1S524C,07/10/2025 08:00,2025-10-07,08:00:00,mardi,Ingé Informatique 3ème année,22202358,"IG3-TP2, IG3-TD2, IG3-TOUS"
Algo.et Types abstrait 1,CMTD,G2,XA1S511C,07/10/2025 09:45,2025-10-07,09:45:00,mardi,Ingé Informatique 3ème année,22202358,"IG3-TP2, IG3-TD2, IG3-TOUS"
Modélisation et stat,CMTD,G2,XA1S523C,07/10/2025 15:45,2025-10-07,15:45:00,mardi,Ingé Informatique 3ème année,22202358,"IG3-TP2, IG3-TD2, IG3-TOUS"
Algo.et Types abstrait 1,CMTD,G2,XA1S511C,08/10/2025 08:00,2025-10-08,08:00:00,mercredi,Ingé Informatique 3ème année,22202358,"IG3-TP2, IG3-TD2, IG3-TOUS"
Optim science données,CMTD,G2,XA1S524C,08/10/2025 09:45,2025-10-08,09:45:00,mercredi,Ingé Informatique 3ème année,22202358,"IG3-TP2, IG3-TD2, IG3-TOUS"
Optim science données,CMTD,G2,XA1S524C,08/10/2025 11:30,2025-10-08,11:30:00,mercredi,Ingé Informatique 3ème année,22202358,"IG3-TP2, IG3-TD2, IG3-TOUS"
Projet C,PROJ,G2,XA1S506C,25/11/2025 08:00,2025-11-25,08:00:00,mardi,Ingé Informatique 3ème année,22513742,"IG3-TP2, IG3-TD2, IG3-TOUS"
Maths pour info,CMTD,G2,XA1S522C,17/10/2025 09:45,2025-10-17,09:45:00,vendredi,Ingé Informatique 3ème année,22515987,"IG3-TP2, IG3-TD2, IG3-TOUS"
Projet C,PROJ,G2,XA1S506C,25/11/2025 08:00,2025-11-25,08:00:00,mardi,Ingé Informatique 3ème année,22515987,"IG3-TP2, IG3-TD2, IG3-TOUS"
Fondamentaux BD relat.,CMTD,G2,XA1S514C,24/10/2025 08:00,2025-10-24,08:00:00,vendredi,Ingé Informatique 3ème année,22301328,"IG3-TP2, IG3-TD2, IG3-TOUS"
Projet C,PROJ,G2,XA1S506C,25/11/2025 08:00,2025-11-25,08:00:00,mardi,Ingé Informatique 3ème année,22301328,"IG3-TP2, IG3-TD2, IG3-TOUS"
Shell & CLI,CM,,XA1S500C,08/09/2025 08:00,2025-09-08,08:00:00,lundi,Ingé Informatique 3ème année,22514776,"IG3-TP1, IG3-TD1, IG3-TOUS"
Optim science données,CMTD,G1,XA1S524C,15/09/2025 09:45,2025-09-15,09:45:00,lundi,Ingé Informatique 3ème année,22514776,"IG3-TP1, IG3-TD1, IG3-TOUS"
Modélisation et stat,CMTD,G1,XA1S523C,16/09/2025 14:00,2025-09-16,14:00:00,mardi,Ingé Informatique 3ème année,22514776,"IG3-TP1, IG3-TD1, IG3-TOUS"
Optim science données,CMTD,G1,XA1S524C,19/09/2025 09:45,2025-09-19,09:45:00,vendredi,Ingé Informatique 3ème année,22514776,"IG3-TP1, IG3-TD1, IG3-TOUS"
Maths pour info,CMTD,G1,XA1S522C,24/09/2025 08:45,2025-09-24,08:45:00,mercredi,Ingé Informatique 3ème année,22514776,"IG3-TP1, IG3-TD1, IG3-TOUS"
Software Design,CM,,XA1S710C,17/09/2025 14:30,2025-09-17,14:30:00,mercredi,Ingé Informatique 4ème année,22410098,"IG4-TD1, IG4-TP1, IG4-TOUS"
Fond.du machine learning,CMTD,G1,XA1S726C,27/11/2025 11:30,2025-11-27,11:30:00,jeudi,Ingé Informatique 4ème année,22410098,"IG4-TD1, IG4-TP1, IG4-TOUS"
Entrepôts de données,TP,G1,XA1S705C,03/12/2025 09:45,2025-12-03,09:45:00,mercredi,Ingé Informatique 4ème année,22410098,"IG4-TD1, IG4-TP1, IG4-TOUS"
Software Design,CM,,XA1S710C,17/09/2025 14:30,2025-09-17,14:30:00,mercredi,Ingé Informatique 4ème année,22203011,"IG4-TD1, IG4-TP1, IG4-TOUS"
Software Design,CM,,XA1S710C,17/09/2025 14:30,2025-09-17,14:30:00,mercredi,Ingé Informatique 4ème année,22413107,"IG4-TD2, IG4-TP2, IG4-TOUS"
Fond.du machine learning,CMTD,G1,XA1S726C,27/11/2025 11:30,2025-11-27,11:30:00,jeudi,Ingé Informatique 4ème année,22208599,"IG4-TD1, IG4-TP1, IG4-TOUS"
Entrepôts de données,TP,G1,XA1S705C,03/12/2025 09:45,2025-12-03,09:45:00,mercredi,Ingé Informatique 4ème année,22208599,"IG4-TD1, IG4-TP1, IG4-TOUS"
Anglais S7,TD,G1,XA1S735C,09/09/2025 08:00,2025-09-09,08:00:00,mardi,Ingé Informatique Echange ou Convention,22515236,"IG4-TD1, IG4-TP1, IG4-TOUS"
Anglais S7,TD,G1,XA1S735C,09/09/2025 09:45,2025-09-09,09:45:00,mardi,Ingé Informatique Echange ou Convention,22515236,"IG4-TD1, IG4-TP1, IG4-TOUS"
Anglais S7,TD,G1,XA1S735C,23/09/2025 08:00,2025-09-23,08:00:00,mardi,Ingé Informatique Echange ou Convention,22515236,"IG4-TD1, IG4-TP1, IG4-TOUS"
Anglais S7,TD,G1,XA1S735C,23/09/2025 09:45,2025-09-23,09:45:00,mardi,Ingé Informatique Echange ou Convention,22515236,"IG4-TD1, IG4-TP1, IG4-TOUS"
Anglais S7,TD,G1,XA1S735C,30/09/2025 08:00,2025-09-30,08:00:00,mardi,Ingé Informatique Echange ou Convention,22515236,"IG4-TD1, IG4-TP1, IG4-TOUS"
Anglais S7,TD,G1,XA1S735C,30/09/2025 09:45,2025-09-30,09:45:00,mardi,Ingé Informatique Echange ou Convention,22515236,"IG4-TD1, IG4-TP1, IG4-TOUS"
Entrepôts de données,TP,G1,XA1S705C,03/12/2025 09:45,2025-12-03,09:45:00,mercredi,Ingé Informatique Echange ou Convention,22515236,"IG4-TD1, IG4-TP1, IG4-TOUS"
Anglais S7,TD,G1,XA1S735C,14/10/2025 08:00,2025-10-14,08:00:00,mardi,Ingé Informatique 4ème année,22205466,"IG4-TD1, IG4-TP1, IG4-TOUS"
Anglais S7,TD,G1,XA1S735C,04/11/2025 08:00,2025-11-04,08:00:00,mardi,Ingé Informatique 4ème année,22205466,"IG4-TD1, IG4-TP1, IG4-TOUS"
Anglais S7,TD,G2,XA1S735C,25/11/2025 08:00,2025-11-25,08:00:00,mardi,Ingé Informatique 4ème année,22414812,"IG4-TD2, IG4-TP2, IG4-TOUS"
Entrepôts de données,TP,G2,XA1S705C,03/12/2025 08:00,2025-12-03,08:00:00,mercredi,Ingé Informatique 4ème année,22414812,"IG4-TD2, IG4-TP2, IG4-TOUS"
Software Design,CM,,XA1S710C,17/09/2025 14:30,2025-09-17,14:30:00,mercredi,Ingé Informatique 4ème année,22414838,"IG4-TD2, IG4-TP2, IG4-TOUS"
Software Design,CM,,XA1S710C,17/09/2025 14:30,2025-09-17,14:30:00,mercredi,Ingé Informatique 4ème année,22414922,"IG4-TD1, IG4-TP1, IG4-TOUS"
Anglais S7,TD,G1,XA1S735C,25/11/2025 08:00,2025-11-25,08:00:00,mardi,Ingé Informatique 4ème année,22414922,"IG4-TD1, IG4-TP1, IG4-TOUS"
Entrepôts de données,TP,G1,XA1S705C,03/12/2025 09:45,2025-12-03,09:45:00,mercredi,Ingé Informatique 4ème année,22414922,"IG4-TD1, IG4-TP1, IG4-TOUS"
Software Design,CM,,XA1S710C,17/09/2025 14:30,2025-09-17,14:30:00,mercredi,Ingé Informatique 4ème année,22406136,"IG4-TD1, IG4-TP1, IG4-TOUS"
Anglais S7,TD,G1,XA1S735C,30/09/2025 08:00,2025-09-30,08:00:00,mardi,Ingé Informatique 4ème année,22406136,"IG4-TD1, IG4-TP1, IG4-TOUS"
Anglais S7,TD,G2,XA1S735C,23/09/2025 08:00,2025-09-23,08:00:00,mardi,Ingé Informatique 4ème année,22412601,"IG4-TD2, IG4-TP2, IG4-TOUS"
Anglais S7,TD,G2,XA1S735C,23/09/2025 09:45,2025-09-23,09:45:00,mardi,Ingé Informatique 4ème année,22412601,"IG4-TD2, IG4-TP2, IG4-TOUS"
Software Design,CM,,XA1S710C,17/09/2025 14:30,2025-09-17,14:30:00,mercredi,Ingé Informatique 4ème année,22201339,"IG4-TD2, IG4-TP2, IG4-TOUS"
Entrepôts de données,TP,G2,XA1S705C,03/12/2025 08:00,2025-12-03,08:00:00,mercredi,Ingé Informatique 4ème année,22201339,"IG4-TD2, IG4-TP2, IG4-TOUS"
Software Design,CM,,XA1S710C,17/09/2025 14:30,2025-09-17,14:30:00,mercredi,Ingé Informatique 4ème année,22202946,"IG4-TD2, IG4-TP2, IG4-TOUS"
Anglais S7,TD,G2,XA1S735C,23/09/2025 08:00,2025-09-23,08:00:00,mardi,Ingé Informatique 4ème année,22410721,"IG4-TD2, IG4-TP2, IG4-TOUS"
Entrepôts de données,TD,G2,XA1S705C,18/11/2025 08:00,2025-11-18,08:00:00,mardi,Ingé Informatique 4ème année,22410721,"IG4-TD2, IG4-TP2, IG4-TOUS"
Software Design,CM,,XA1S710C,17/09/2025 14:30,2025-09-17,14:30:00,mercredi,Ingé Informatique 4ème année,22415685,"IG4-TD1, IG4-TP1, IG4-TOUS"
Anglais S7,TD,G2,XA1S735C,30/09/2025 08:00,2025-09-30,08:00:00,mardi,Ingé Informatique 4ème année,22208515,"IG4-TD2, IG4-TP2, IG4-TOUS"
Software Design,CM,,XA1S710C,17/09/2025 14:30,2025-09-17,14:30:00,mercredi,Ingé Informatique 4ème année,22415343,"IG4-TD2, IG4-TP2, IG4-TOUS"
Anglais S7,TD,G2,XA1S735C,25/11/2025 08:00,2025-11-25,08:00:00,mardi,Ingé Informatique 4ème année,22415343,"IG4-TD2, IG4-TP2, IG4-TOUS"
Anglais S7,TD,G2,XA1S735C,25/11/2025 09:45,2025-11-25,09:45:00,mardi,Ingé Informatique 4ème année,22415343,"IG4-TD2, IG4-TP2, IG4-TOUS"
Software Design,CM,,XA1S710C,17/09/2025 14:30,2025-09-17,14:30:00,mercredi,Ingé Informatique 4ème année,22201278,"IG4-TD2, IG4-TP2, IG4-TOUS"
Entrepôts de données,TD,G2,XA1S705C,18/11/2025 08:00,2025-11-18,08:00:00,mardi,Ingé Informatique 4ème année,22201278,"IG4-TD2, IG4-TP2, IG4-TOUS"
Entrepôts de données,TP,G2,XA1S705C,03/12/2025 08:00,2025-12-03,08:00:00,mercredi,Ingé Informatique 4ème année,22201278,"IG4-TD2, IG4-TP2, IG4-TOUS"
Software Design,CM,,XA1S710C,17/09/2025 14:30,2025-09-17,14:30:00,mercredi,Ingé Informatique 4ème année,22415441,"IG4-TD1, IG4-TP1, IG4-TOUS"
Anglais S7,TD,G1,XA1S735C,25/11/2025 08:00,2025-11-25,08:00:00,mardi,Ingé Informatique 4ème année,22415441,"IG4-TD1, IG4-TP1, IG4-TOUS"
Anglais S7,TD,G1,XA1S735C,25/11/2025 09:45,2025-11-25,09:45:00,mardi,Ingé Informatique 4ème année,22415441,"IG4-TD1, IG4-TP1, IG4-TOUS"
Anglais S7,TD,G2,XA1S735C,30/09/2025 08:00,2025-09-30,08:00:00,mardi,Ingé Informatique 4ème année,22509308,"IG4-TD2, IG4-TP2, IG4-TOUS"
Anglais S7,TD,G2,XA1S735C,30/09/2025 09:45,2025-09-30,09:45:00,mardi,Ingé Informatique 4ème année,22509308,"IG4-TD2, IG4-TP2, IG4-TOUS"
Anglais S7,TD,G2,XA1S735C,30/09/2025 08:00,2025-09-30,08:00:00,mardi,Ingé Informatique 4ème année,22204811,"IG4-TD2, IG4-TP2, IG4-TOUS"
Anglais S7,TD,G2,XA1S735C,07/10/2025 08:00,2025-10-07,08:00:00,mardi,Ingé Informatique 4ème année,22204811,"IG4-TD2, IG4-TP2, IG4-TOUS"
Anglais S7,TD,G2,XA1S735C,07/10/2025 09:45,2025-10-07,09:45:00,mardi,Ingé Informatique 4ème année,22204811,"IG4-TD2, IG4-TP2, IG4-TOUS"
Anglais S7,TD,G2,XA1S735C,04/11/2025 08:00,2025-11-04,08:00:00,mardi,Ingé Informatique 4ème année,22204811,"IG4-TD2, IG4-TP2, IG4-TOUS"
Entrepôts de données,TD,G2,XA1S705C,18/11/2025 08:00,2025-11-18,08:00:00,mardi,Ingé Informatique 4ème année,22204811,"IG4-TD2, IG4-TP2, IG4-TOUS"
Entrepôts de données,TP,G2,XA1S705C,03/12/2025 08:00,2025-12-03,08:00:00,mercredi,Ingé Informatique 4ème année,22204811,"IG4-TD2, IG4-TP2, IG4-TOUS"
Anglais S7,TD,G1,XA1S735C,04/11/2025 08:00,2025-11-04,08:00:00,mardi,Ingé Informatique 4ème année,22509153,"IG4-TD1, IG4-TP1, IG4-TOUS"
Software Design,CM,,XA1S710C,17/09/2025 14:30,2025-09-17,14:30:00,mercredi,Ingé Informatique 4ème année,22315558,"IG4-TD1, IG4-TP1, IG4-TOUS"
Anglais S7,TD,G1,XA1S735C,04/11/2025 08:00,2025-11-04,08:00:00,mardi,Ingé Informatique 4ème année,22315558,"IG4-TD1, IG4-TP1, IG4-TOUS"
Anglais S7,TD,G1,XA1S735C,04/11/2025 09:45,2025-11-04,09:45:00,mardi,Ingé Informatique 4ème année,22315558,"IG4-TD1, IG4-TP1, IG4-TOUS"
Entrepôts de données,TD,G2,XA1S705C,18/11/2025 08:00,2025-11-18,08:00:00,mardi,Ingé Informatique 4ème année,22407586,"IG4-TD2, IG4-TP2, IG4-TOUS"
Anglais S7,TD,G2,XA1S735C,25/11/2025 08:00,2025-11-25,08:00:00,mardi,Ingé Informatique 4ème année,22407586,"IG4-TD2, IG4-TP2, IG4-TOUS"
Entrepôts de données,TP,G2,XA1S705C,03/12/2025 08:00,2025-12-03,08:00:00,mercredi,Ingé Informatique 4ème année,22407586,"IG4-TD2, IG4-TP2, IG4-TOUS"
Software Design,CM,,XA1S710C,17/09/2025 14:30,2025-09-17,14:30:00,mercredi,Ingé Informatique 4ème année,22414467,"IG4-TD2, IG4-TP2, IG4-TOUS"
Software Design,CM,,XA1S710C,17/09/2025 14:30,2025-09-17,14:30:00,mercredi,Ingé Informatique 4ème année,22414826,"IG4-TD2, IG4-TP2, IG4-TOUS"
Software Design,CM,,XA1S710C,17/09/2025 14:30,2025-09-17,14:30:00,mercredi,Ingé Informatique 4ème année,22100944,"IG4-TD1, IG4-TP1, IG4-TOUS"
Entrepôts de données,TD,G2,XA1S705C,18/11/2025 08:00,2025-11-18,08:00:00,mardi,Ingé Informatique 4ème année,22206722,"IG4-TD2, IG4-TP2, IG4-TOUS"
Software Design,CM,,XA1S710C,17/09/2025 14:30,2025-09-17,14:30:00,mercredi,Ingé Informatique 4ème année,22206118,"IG4-TD1, IG4-TP1, IG4-TOUS"
Anglais S7,TD,G1,XA1S735C,25/11/2025 08:00,2025-11-25,08:00:00,mardi,Ingé Informatique 4ème année,22206118,"IG4-TD1, IG4-TP1, IG4-TOUS"
Anglais S7,TD,G1,XA1S735C,07/10/2025 08:00,2025-10-07,08:00:00,mardi,Ingé Informatique Echange ou Convention,22515128,"IG4-TD1, IG4-TP1, IG4-TOUS"
Fond.du machine learning,CMTD,G1,XA1S726C,27/11/2025 11:30,2025-11-27,11:30:00,jeudi,Ingé Informatique Echange ou Convention,22515128,"IG4-TD1, IG4-TP1, IG4-TOUS"
Entrepôts de données,TP,G1,XA1S705C,03/12/2025 09:45,2025-12-03,09:45:00,mercredi,Ingé Informatique Echange ou Convention,22515128,"IG4-TD1, IG4-TP1, IG4-TOUS"
IWA Ingénierie des Applications Web 2,TD,Opt1,XAIG900C,19/11/2025 08:00,2025-11-19,08:00:00,mercredi,Ingé Informatique 5ème année,22103475,"IG5-TOUS, IG5-Option 1 - SD"
GSI Gouvernance des SI,CM/CMTD,,XAIG910C,19/11/2025 14:00,2025-11-19,14:00:00,mercredi,Ingé Informatique 5ème année,22103475,"IG5-TOUS, IG5-Option 1 - SD"
IWA Ingénierie des Applications Web 2,TD,Opt1,XAIG900C,21/11/2025 14:00,2025-11-21,14:00:00,vendredi,Ingé Informatique 5ème année,22103475,"IG5-TOUS, IG5-Option 1 - SD"
IWA Ingénierie des Applications Web 2,CMTD,Opt2,XAIG900C,19/09/2025 11:30,2025-09-19,11:30:00,vendredi,Ingé Informatique 5ème année,22103721,"IG5-TOUS, IG5-Option 2 - SECU"
DI droit des nouvelles techno,CM,,XAIG924C,29/09/2025 14:00,2025-09-29,14:00:00,lundi,Ingé Informatique 5ème année,22103721,"IG5-TOUS, IG5-Option 2 - SECU"
DI droit des nouvelles techno,CM,,XAIG924C,29/09/2025 15:45,2025-09-29,15:45:00,lundi,Ingé Informatique 5ème année,22103721,"IG5-TOUS, IG5-Option 2 - SECU"
IWA Ingénierie des Applications Web 2,CMTD,Opt2,XAIG900C,01/10/2025 09:45,2025-10-01,09:45:00,mercredi,Ingé Informatique 5ème année,22103721,"IG5-TOUS, IG5-Option 2 - SECU"
DI droit des nouvelles techno,CM,,XAIG924C,13/10/2025 14:00,2025-10-13,14:00:00,lundi,Ingé Informatique 5ème année,22103721,"IG5-TOUS, IG5-Option 2 - SECU"
DI droit des nouvelles techno,CM,,XAIG924C,13/10/2025 15:45,2025-10-13,15:45:00,lundi,Ingé Informatique 5ème année,22103721,"IG5-TOUS, IG5-Option 2 - SECU"
WEB SEM,CMTD,Opt2,XAIG915C,15/10/2025 08:00,2025-10-15,08:00:00,mercredi,Ingé Informatique 5ème année,22103721,"IG5-TOUS, IG5-Option 2 - SECU"
O2 Cryptographie,CM/CMTD,,XAIG94C,20/10/2025 08:00,2025-10-20,08:00:00,lundi,Ingé Informatique 5ème année,22103721,"IG5-TOUS, IG5-Option 2 - SECU"
O2 Cryptographie,CM/CMTD,,XAIG94C,21/10/2025 08:00,2025-10-21,08:00:00,mardi,Ingé Informatique 5ème année,22103721,"IG5-TOUS, IG5-Option 2 - SECU"
IWA Ingénierie des Applications Web 2,CMTD,Opt2,XAIG900C,12/11/2025 09:45,2025-11-12,09:45:00,mercredi,Ingé Informatique 5ème année,22103721,"IG5-TOUS, IG5-Option 2 - SECU"
WEB SEM,CMTD,Opt2,XAIG915C,13/11/2025 11:15,2025-11-13,11:15:00,jeudi,Ingé Informatique 5ème année,22103721,"IG5-TOUS, IG5-Option 2 - SECU"
GP Gestion projets SCM,TD,Opt2,XAIG903C,14/11/2025 14:00,2025-11-14,14:00:00,vendredi,Ingé Informatique 5ème année,22103721,"IG5-TOUS, IG5-Option 2 - SECU"
IWA Ingénierie des Applications Web 2,TD,Opt2,XAIG900C,14/11/2025 15:45,2025-11-14,15:45:00,vendredi,Ingé Informatique 5ème année,22103721,"IG5-TOUS, IG5-Option 2 - SECU"
WEB SEM,CMTD,Opt2,XAIG915C,17/11/2025 09:45,2025-11-17,09:45:00,lundi,Ingé Informatique 5ème année,22103721,"IG5-TOUS, IG5-Option 2 - SECU"
IWA Ingénierie des Applications Web 2,TD,Opt2,XAIG900C,19/11/2025 09:45,2025-11-19,09:45:00,mercredi,Ingé Informatique 5ème année,22103721,"IG5-TOUS, IG5-Option 2 - SECU"
GSI Gouvernance des SI,CM/CMTD,,XAIG910C,19/11/2025 15:45,2025-11-19,15:45:00,mercredi,Ingé Informatique 5ème année,22103721,"IG5-TOUS, IG5-Option 2 - SECU"
Softskills,CMTD,Opt2,XAIG923C,01/12/2025 08:45,2025-12-01,08:45:00,lundi,Ingé Informatique 5ème année,22103721,"IG5-TOUS, IG5-Option 2 - SECU"
O2 Cryptographie,CM/CMTD,,XAIG94C,21/10/2025 08:00,2025-10-21,08:00:00,mardi,Ingé Informatique 5ème année,22314949,"IG5-TOUS, IG5-Option 2 - SECU"
WEB SEM,CMTD,Opt2,XAIG915C,17/11/2025 09:45,2025-11-17,09:45:00,lundi,Ingé Informatique 5ème année,22314949,"IG5-TOUS, IG5-Option 2 - SECU"
IWA Ingénierie des Applications Web 2,TD,Opt1,XAIG900C,21/11/2025 14:00,2025-11-21,14:00:00,vendredi,Ingé Informatique 5ème année,22314558,"IG5-TOUS, IG5-Option 1 - SD"
Intro quantique groupe 1,TD,,XAIG904C,25/11/2025 15:45,2025-11-25,15:45:00,mardi,Ingé Informatique 5ème année,22314558,"IG5-TOUS, IG5-Option 1 - SD"
IWA Ingénierie des Applications Web 2,CMTD,Opt1,XAIG900C,01/10/2025 08:00,2025-10-01,08:00:00,mercredi,Ingé Informatique 5ème année,22004619,"IG5-TOUS, IG5-Option 1 - SD"
WEB SEM,CMTD,Opt1,XAIG915C,24/10/2025 11:30,2025-10-24,11:30:00,vendredi,Ingé Informatique 5ème année,22004619,"IG5-TOUS, IG5-Option 1 - SD"
IWA Ingénierie des Applications Web 2,CMTD,Opt1,XAIG900C,12/11/2025 08:00,2025-11-12,08:00:00,mercredi,Ingé Informatique 5ème année,22004619,"IG5-TOUS, IG5-Option 1 - SD"
WEB SEM,CMTD,Opt1,XAIG915C,13/11/2025 09:45,2025-11-13,09:45:00,jeudi,Ingé Informatique 5ème année,22004619,"IG5-TOUS, IG5-Option 1 - SD"
IWA Ingénierie des Applications Web 2,TD,Opt1,XAIG900C,19/11/2025 08:00,2025-11-19,08:00:00,mercredi,Ingé Informatique 5ème année,22004619,"IG5-TOUS, IG5-Option 1 - SD"
IWA Ingénierie des Applications Web 2,TD,Opt1,XAIG900C,21/11/2025 14:00,2025-11-21,14:00:00,vendredi,Ingé Informatique 5ème année,22004619,"IG5-TOUS, IG5-Option 1 - SD"
IWA Ingénierie des Applications Web 2,TD,Opt1,XAIG900C,26/11/2025 08:00,2025-11-26,08:00:00,mercredi,Ingé Informatique 5ème année,22004619,"IG5-TOUS, IG5-Option 1 - SD"
Gestion projet  TDD BDD...,CM,,XAIG903C,26/11/2025 11:30,2025-11-26,11:30:00,mercredi,Ingé Informatique 5ème année,22004619,"IG5-TOUS, IG5-Option 1 - SD"
Softskills,CMTD,Opt1,XAIG923C,02/12/2025 14:00,2025-12-02,14:00:00,mardi,Ingé Informatique 5ème année,22004619,"IG5-TOUS, IG5-Option 1 - SD"
Softskills,CMTD,Opt1,XAIG923C,02/12/2025 15:45,2025-12-02,15:45:00,mardi,Ingé Informatique 5ème année,22004619,"IG5-TOUS, IG5-Option 1 - SD"
Softskills,CMTD,Opt1,XAIG923C,03/12/2025 09:45,2025-12-03,09:45:00,mercredi,Ingé Informatique 5ème année,22004619,"IG5-TOUS, IG5-Option 1 - SD"
WEB SEM,CMTD,Opt1,XAIG915C,24/10/2025 11:30,2025-10-24,11:30:00,vendredi,Ingé Informatique 5ème année,22110061,"IG5-TOUS, IG5-Option 1 - SD"
WEB SEM,CMTD,Opt1,XAIG915C,05/11/2025 15:45,2025-11-05,15:45:00,mercredi,Ingé Informatique 5ème année,22110061,"IG5-TOUS, IG5-Option 1 - SD"
IWA Ingénierie des Applications Web 2,TD,Opt1,XAIG900C,24/11/2025 09:45,2025-11-24,09:45:00,lundi,Ingé Informatique 5ème année,22110061,"IG5-TOUS, IG5-Option 1 - SD"
WEB SEM,CMTD,Opt1,XAIG915C,24/11/2025 11:30,2025-11-24,11:30:00,lundi,Ingé Informatique 5ème année,22110061,"IG5-TOUS, IG5-Option 1 - SD"
Softskills,CMTD,Opt1,XAIG923C,02/12/2025 14:00,2025-12-02,14:00:00,mardi,Ingé Informatique 5ème année,22110061,"IG5-TOUS, IG5-Option 1 - SD"
Softskills,CMTD,Opt1,XAIG923C,02/12/2025 15:45,2025-12-02,15:45:00,mardi,Ingé Informatique 5ème année,22110061,"IG5-TOUS, IG5-Option 1 - SD"
DI droit des nouvelles techno,CM,,XAIG924C,29/09/2025 14:00,2025-09-29,14:00:00,lundi,Ingé Informatique 5ème année,22210011,"IG5-TOUS, IG5-Option 2 - SECU"
DI droit des nouvelles techno,CM,,XAIG924C,29/09/2025 15:45,2025-09-29,15:45:00,lundi,Ingé Informatique 5ème année,22210011,"IG5-TOUS, IG5-Option 2 - SECU"
DI droit des nouvelles techno,CM,,XAIG924C,13/10/2025 14:00,2025-10-13,14:00:00,lundi,Ingé Informatique 5ème année,22210011,"IG5-TOUS, IG5-Option 2 - SECU"
DI droit des nouvelles techno,CM,,XAIG924C,13/10/2025 15:45,2025-10-13,15:45:00,lundi,Ingé Informatique 5ème année,22210011,"IG5-TOUS, IG5-Option 2 - SECU"
O2 Cryptographie,CM/CMTD,,XAIG94C,20/10/2025 08:00,2025-10-20,08:00:00,lundi,Ingé Informatique 5ème année,22210011,"IG5-TOUS, IG5-Option 2 - SECU"
DI EXAMEN Droit de l'informatique nouvelles techno,CM/CMTD,,XAIG924C,23/10/2025 09:45,2025-10-23,09:45:00,jeudi,Ingé Informatique 5ème année,22210011,"IG5-TOUS, IG5-Option 2 - SECU"
WEB SEM,CMTD,Opt2,XAIG915C,13/11/2025 11:15,2025-11-13,11:15:00,jeudi,Ingé Informatique 5ème année,22210011,"IG5-TOUS, IG5-Option 2 - SECU"
Softskills,CMTD,Opt2,XAIG923C,01/12/2025 08:45,2025-12-01,08:45:00,lundi,Ingé Informatique 5ème année,22210011,"IG5-TOUS, IG5-Option 2 - SECU"
WEB SEM,CMTD,Opt2,XAIG915C,24/10/2025 09:45,2025-10-24,09:45:00,vendredi,Ingé Informatique 5ème année,22000838,"IG5-TOUS, IG5-Option 2 - SECU"
IWA Ingénierie des Applications Web 2,TD,Opt2,XAIG900C,19/11/2025 09:45,2025-11-19,09:45:00,mercredi,Ingé Informatique 5ème année,22000838,"IG5-TOUS, IG5-Option 2 - SECU"
GSI Gouvernance des SI,CM/CMTD,,XAIG910C,19/11/2025 15:45,2025-11-19,15:45:00,mercredi,Ingé Informatique 5ème année,22000838,"IG5-TOUS, IG5-Option 2 - SECU"
IWA Ingénierie des Applications Web 2,TD,Opt2,XAIG900C,21/11/2025 15:45,2025-11-21,15:45:00,vendredi,Ingé Informatique 5ème année,22000838,"IG5-TOUS, IG5-Option 2 - SECU"
IWA Ingénierie des Applications Web 2,CMTD,Opt1,XAIG900C,03/11/2025 09:45,2025-11-03,09:45:00,lundi,Ingé Informatique 5ème année,22213710,"IG5-TOUS, IG5-Option 1 - SD"
IWA Ingénierie des Applications Web 2,CMTD,Opt1,XAIG900C,12/11/2025 08:00,2025-11-12,08:00:00,mercredi,Ingé Informatique 5ème année,22213710,"IG5-TOUS, IG5-Option 1 - SD"
IWA Ingénierie des Applications Web 2,TD,Opt1,XAIG900C,14/11/2025 14:00,2025-11-14,14:00:00,vendredi,Ingé Informatique 5ème année,22213710,"IG5-TOUS, IG5-Option 1 - SD"
GP Gestion projets SCM,TD,Opt1,XAIG903C,14/11/2025 15:45,2025-11-14,15:45:00,vendredi,Ingé Informatique 5ème année,22213710,"IG5-TOUS, IG5-Option 1 - SD"
IWA Ingénierie des Applications Web 2,TD,Opt1,XAIG900C,19/11/2025 08:00,2025-11-19,08:00:00,mercredi,Ingé Informatique 5ème année,22213710,"IG5-TOUS, IG5-Option 1 - SD"
IWA Ingénierie des Applications Web 2,TD,Opt1,XAIG900C,21/11/2025 14:00,2025-11-21,14:00:00,vendredi,Ingé Informatique 5ème année,22213710,"IG5-TOUS, IG5-Option 1 - SD"
IWA Ingénierie des Applications Web 2,TD,Opt1,XAIG900C,26/11/2025 08:00,2025-11-26,08:00:00,mercredi,Ingé Informatique 5ème année,22213710,"IG5-TOUS, IG5-Option 1 - SD"
Gestion projet  TDD BDD...,CM,,XAIG903C,26/11/2025 11:30,2025-11-26,11:30:00,mercredi,Ingé Informatique 5ème année,22213710,"IG5-TOUS, IG5-Option 1 - SD"
WEB SEM,CMTD,Opt2,XAIG915C,24/10/2025 09:45,2025-10-24,09:45:00,vendredi,Ingé Informatique 5ème année,22313961,"IG5-TOUS, IG5-Option 2 - SECU"
IWA Ingénierie des Applications Web 2,TD,Opt2,XAIG900C,19/11/2025 09:45,2025-11-19,09:45:00,mercredi,Ingé Informatique 5ème année,22313961,"IG5-TOUS, IG5-Option 2 - SECU"
IWA Ingénierie des Applications Web 2,TD,Opt2,XAIG900C,21/11/2025 15:45,2025-11-21,15:45:00,vendredi,Ingé Informatique 5ème année,22313961,"IG5-TOUS, IG5-Option 2 - SECU"
IWA Ingénierie des Applications Web 2,CMTD,Opt1,XAIG900C,01/10/2025 08:00,2025-10-01,08:00:00,mercredi,Ingé Informatique 5ème année,22100205,"IG5-TOUS, IG5-Option 1 - SD"
WEB SEM,CMTD,Opt1,XAIG915C,13/11/2025 09:45,2025-11-13,09:45:00,jeudi,Ingé Informatique 5ème année,22100205,"IG5-TOUS, IG5-Option 1 - SD"
IWA Ingénierie des Applications Web 2,TD,Opt1,XAIG900C,21/11/2025 14:00,2025-11-21,14:00:00,vendredi,Ingé Informatique 5ème année,22100205,"IG5-TOUS, IG5-Option 1 - SD"
IWA Ingénierie des Applications Web 2,TD,Opt1,XAIG900C,26/11/2025 08:00,2025-11-26,08:00:00,mercredi,Ingé Informatique 5ème année,22100205,"IG5-TOUS, IG5-Option 1 - SD"
Softskills,CMTD,Opt1,XAIG923C,02/12/2025 14:00,2025-12-02,14:00:00,mardi,Ingé Informatique 5ème année,22100205,"IG5-TOUS, IG5-Option 1 - SD"
Softskills,CMTD,Opt1,XAIG923C,02/12/2025 15:45,2025-12-02,15:45:00,mardi,Ingé Informatique 5ème année,22100205,"IG5-TOUS, IG5-Option 1 - SD"
Softskills,CMTD,Opt1,XAIG923C,03/12/2025 09:45,2025-12-03,09:45:00,mercredi,Ingé Informatique 5ème année,22100205,"IG5-TOUS, IG5-Option 1 - SD"
Softskills,CMTD,Opt1,XAIG923C,03/12/2025 11:30,2025-12-03,11:30:00,mercredi,Ingé Informatique 5ème année,22100205,"IG5-TOUS, IG5-Option 1 - SD"
WEB SEM,CMTD,Opt1,XAIG915C,24/10/2025 11:30,2025-10-24,11:30:00,vendredi,Ingé Informatique 5ème année,22008608,"IG5-TOUS, IG5-Option 1 - SD"
IWA Ingénierie des Applications Web 2,TD,Opt1,XAIG900C,19/11/2025 08:00,2025-11-19,08:00:00,mercredi,Ingé Informatique 5ème année,22008608,"IG5-TOUS, IG5-Option 1 - SD"
GSI Gouvernance des SI,CM/CMTD,,XAIG910C,19/11/2025 14:00,2025-11-19,14:00:00,mercredi,Ingé Informatique 5ème année,22008608,"IG5-TOUS, IG5-Option 1 - SD"
IWA Ingénierie des Applications Web 2,TD,Opt1,XAIG900C,21/11/2025 14:00,2025-11-21,14:00:00,vendredi,Ingé Informatique 5ème année,22008608,"IG5-TOUS, IG5-Option 1 - SD"
SSI Sécurité des Systèmes d'Information-crypto,CM/CMTD,,XAIG912C,17/09/2025 15:45,2025-09-17,15:45:00,mercredi,Ingé Informatique 5ème année,22315332,"IG5-TOUS, IG5-Option 1 - SD"
IWA Ingénierie des Applications Web 2,TD,Opt1,XAIG900C,23/09/2025 09:45,2025-09-23,09:45:00,mardi,Ingé Informatique 5ème année,22315332,"IG5-TOUS, IG5-Option 1 - SD"
WEB SEM,CMTD,Opt1,XAIG915C,24/10/2025 11:30,2025-10-24,11:30:00,vendredi,Ingé Informatique 5ème année,22315332,"IG5-TOUS, IG5-Option 1 - SD"
WEB SEM,CMTD,Opt1,XAIG915C,05/11/2025 15:45,2025-11-05,15:45:00,mercredi,Ingé Informatique 5ème année,22315332,"IG5-TOUS, IG5-Option 1 - SD"
IWA Ingénierie des Applications Web 2,CMTD,Opt1,XAIG900C,12/11/2025 08:00,2025-11-12,08:00:00,mercredi,Ingé Informatique 5ème année,22315332,"IG5-TOUS, IG5-Option 1 - SD"
IWA Ingénierie des Applications Web 2,TD,Opt1,XAIG900C,14/11/2025 14:00,2025-11-14,14:00:00,vendredi,Ingé Informatique 5ème année,22315332,"IG5-TOUS, IG5-Option 1 - SD"
IWA Ingénierie des Applications Web 2,CMTD,Opt1,XAIG900C,17/11/2025 09:45,2025-11-17,09:45:00,lundi,Ingé Informatique 5ème année,22315332,"IG5-TOUS, IG5-Option 1 - SD"
IWA Ingénierie des Applications Web 2,TD,Opt1,XAIG900C,26/11/2025 08:00,2025-11-26,08:00:00,mercredi,Ingé Informatique 5ème année,22315332,"IG5-TOUS, IG5-Option 1 - SD"
Gestion projet  TDD BDD...,CM,,XAIG903C,26/11/2025 11:30,2025-11-26,11:30:00,mercredi,Ingé Informatique 5ème année,22315332,"IG5-TOUS, IG5-Option 1 - SD"
DI droit des nouvelles techno,CM,,XAIG924C,20/10/2025 14:00,2025-10-20,14:00:00,lundi,Ingé Informatique 5ème année,22314899,"IG5-TOUS, IG5-Option 2 - SECU"
O2 Cryptographie,CM/CMTD,,XAIG94C,21/10/2025 08:00,2025-10-21,08:00:00,mardi,Ingé Informatique 5ème année,22314899,"IG5-TOUS, IG5-Option 2 - SECU"
IWA Ingénierie des Applications Web 2,CMTD,Opt2,XAIG900C,17/11/2025 11:30,2025-11-17,11:30:00,lundi,Ingé Informatique 5ème année,22314899,"IG5-TOUS, IG5-Option 2 - SECU"
IWA Ingénierie des Applications Web 2,CMTD,Opt2,XAIG900C,01/10/2025 09:45,2025-10-01,09:45:00,mercredi,Ingé Informatique 5ème année,22307368,"IG5-TOUS, IG5-Option 2 - SECU"
GP Gestion projets SCM,TD,Opt2,XAIG903C,14/11/2025 14:00,2025-11-14,14:00:00,vendredi,Ingé Informatique 5ème année,22307368,"IG5-TOUS, IG5-Option 2 - SECU"
IWA Ingénierie des Applications Web 2,TD,Opt2,XAIG900C,14/11/2025 15:45,2025-11-14,15:45:00,vendredi,Ingé Informatique 5ème année,22307368,"IG5-TOUS, IG5-Option 2 - SECU"
DI droit des nouvelles techno,CM,,XAIG924C,29/09/2025 14:00,2025-09-29,14:00:00,lundi,Ingé Informatique 5ème année,22214979,"IG5-TOUS, IG5-Option 2 - SECU"
DI droit des nouvelles techno,CM,,XAIG924C,29/09/2025 15:45,2025-09-29,15:45:00,lundi,Ingé Informatique 5ème année,22214979,"IG5-TOUS, IG5-Option 2 - SECU"
DI droit des nouvelles techno,CM,,XAIG924C,13/10/2025 14:00,2025-10-13,14:00:00,lundi,Ingé Informatique 5ème année,22214979,"IG5-TOUS, IG5-Option 2 - SECU"
DI droit des nouvelles techno,CM,,XAIG924C,13/10/2025 15:45,2025-10-13,15:45:00,lundi,Ingé Informatique 5ème année,22214979,"IG5-TOUS, IG5-Option 2 - SECU"
WEB SEM,CMTD,Opt1,XAIG915C,24/10/2025 11:30,2025-10-24,11:30:00,vendredi,Ingé Informatique 5ème année,22311131,"IG5-TOUS, IG5-Option 1 - SD"
IWA Ingénierie des Applications Web 2,TD,Opt1,XAIG900C,19/11/2025 08:00,2025-11-19,08:00:00,mercredi,Ingé Informatique 5ème année,22311131,"IG5-TOUS, IG5-Option 1 - SD"
IWA Ingénierie des Applications Web 2,CMTD,Opt2,XAIG900C,01/10/2025 09:45,2025-10-01,09:45:00,mercredi,Ingé Informatique 5ème année,22314124,"IG5-TOUS, IG5-Option 2 - SECU"
WEB SEM,CMTD,Opt2,XAIG915C,24/10/2025 09:45,2025-10-24,09:45:00,vendredi,Ingé Informatique 5ème année,22314124,"IG5-TOUS, IG5-Option 2 - SECU"
IWA Ingénierie des Applications Web 2,CMTD,Opt2,XAIG900C,12/11/2025 09:45,2025-11-12,09:45:00,mercredi,Ingé Informatique 5ème année,22314124,"IG5-TOUS, IG5-Option 2 - SECU"
IWA Ingénierie des Applications Web 2,TD,Opt2,XAIG900C,14/11/2025 15:45,2025-11-14,15:45:00,vendredi,Ingé Informatique 5ème année,22314124,"IG5-TOUS, IG5-Option 2 - SECU"
IWA Ingénierie des Applications Web 2,TD,Opt2,XAIG900C,19/11/2025 09:45,2025-11-19,09:45:00,mercredi,Ingé Informatique 5ème année,22314124,"IG5-TOUS, IG5-Option 2 - SECU"
GSI Gouvernance des SI,CM/CMTD,,XAIG910C,19/11/2025 15:45,2025-11-19,15:45:00,mercredi,Ingé Informatique 5ème année,22314124,"IG5-TOUS, IG5-Option 2 - SECU"
IWA Ingénierie des Applications Web 2,TD,Opt2,XAIG900C,21/11/2025 15:45,2025-11-21,15:45:00,vendredi,Ingé Informatique 5ème année,22314124,"IG5-TOUS, IG5-Option 2 - SECU"
IWA Ingénierie des Applications Web 2,TD,Opt1,XAIG900C,23/09/2025 09:45,2025-09-23,09:45:00,mardi,Ingé Informatique 5ème année,22103345,"IG5-TOUS, IG5-Option 1 - SD"
WEB SEM,CMTD,Opt1,XAIG915C,24/10/2025 11:30,2025-10-24,11:30:00,vendredi,Ingé Informatique 5ème année,22103345,"IG5-TOUS, IG5-Option 1 - SD"
WEB SEM,CMTD,Opt1,XAIG915C,05/11/2025 15:45,2025-11-05,15:45:00,mercredi,Ingé Informatique 5ème année,22103345,"IG5-TOUS, IG5-Option 1 - SD"
Intro quantique groupe 1,TD,,XAIG904C,25/11/2025 15:45,2025-11-25,15:45:00,mardi,Ingé Informatique 5ème année,22103345,"IG5-TOUS, IG5-Option 1 - SD"
IWA Ingénierie des Applications Web 2,CMTD,Opt1,XAIG900C,19/09/2025 14:00,2025-09-19,14:00:00,vendredi,Ingé Informatique 5ème année,21907395,"IG5-TOUS, IG5-Option 1 - SD"
IWA Ingénierie des Applications Web 2,TD,Opt1,XAIG900C,23/09/2025 09:45,2025-09-23,09:45:00,mardi,Ingé Informatique 5ème année,21907395,"IG5-TOUS, IG5-Option 1 - SD"
DI droit des nouvelles techno,CM,,XAIG924C,29/09/2025 14:00,2025-09-29,14:00:00,lundi,Ingé Informatique 5ème année,21907395,"IG5-TOUS, IG5-Option 1 - SD"
DI droit des nouvelles techno,CM,,XAIG924C,29/09/2025 15:45,2025-09-29,15:45:00,lundi,Ingé Informatique 5ème année,21907395,"IG5-TOUS, IG5-Option 1 - SD"
IWA Ingénierie des Applications Web 2,CMTD,Opt1,XAIG900C,01/10/2025 08:00,2025-10-01,08:00:00,mercredi,Ingé Informatique 5ème année,21907395,"IG5-TOUS, IG5-Option 1 - SD"
DI droit des nouvelles techno,CM,,XAIG924C,14/10/2025 14:00,2025-10-14,14:00:00,mardi,Ingé Informatique 5ème année,21907395,"IG5-TOUS, IG5-Option 1 - SD"
DI droit des nouvelles techno,CM,,XAIG924C,14/10/2025 15:45,2025-10-14,15:45:00,mardi,Ingé Informatique 5ème année,21907395,"IG5-TOUS, IG5-Option 1 - SD"
WEB SEM,CMTD,Opt1,XAIG915C,15/10/2025 09:45,2025-10-15,09:45:00,mercredi,Ingé Informatique 5ème année,21907395,"IG5-TOUS, IG5-Option 1 - SD"
ID Introduction au Droit,CM/CMTD,,XAIG925C,17/10/2025 09:45,2025-10-17,09:45:00,vendredi,Ingé Informatique 5ème année,21907395,"IG5-TOUS, IG5-Option 1 - SD"
DI droit des nouvelles techno,CM,,XAIG924C,20/10/2025 14:00,2025-10-20,14:00:00,lundi,Ingé Informatique 5ème année,21907395,"IG5-TOUS, IG5-Option 1 - SD"
WEB SEM,CMTD,Opt1,XAIG915C,24/10/2025 11:30,2025-10-24,11:30:00,vendredi,Ingé Informatique 5ème année,21907395,"IG5-TOUS, IG5-Option 1 - SD"
IWA Ingénierie des Applications Web 2,CMTD,Opt1,XAIG900C,12/11/2025 08:00,2025-11-12,08:00:00,mercredi,Ingé Informatique 5ème année,21907395,"IG5-TOUS, IG5-Option 1 - SD"
WEB SEM,CMTD,Opt1,XAIG915C,13/11/2025 09:45,2025-11-13,09:45:00,jeudi,Ingé Informatique 5ème année,21907395,"IG5-TOUS, IG5-Option 1 - SD"
IWA Ingénierie des Applications Web 2,TD,Opt1,XAIG900C,19/11/2025 08:00,2025-11-19,08:00:00,mercredi,Ingé Informatique 5ème année,21907395,"IG5-TOUS, IG5-Option 1 - SD"
IWA Ingénierie des Applications Web 2,TD,Opt1,XAIG900C,21/11/2025 14:00,2025-11-21,14:00:00,vendredi,Ingé Informatique 5ème année,21907395,"IG5-TOUS, IG5-Option 1 - SD"
IWA Ingénierie des Applications Web 2,TD,Opt1,XAIG900C,26/11/2025 08:00,2025-11-26,08:00:00,mercredi,Ingé Informatique 5ème année,21907395,"IG5-TOUS, IG5-Option 1 - SD"
Gestion projet  TDD BDD...,CM,,XAIG903C,26/11/2025 11:30,2025-11-26,11:30:00,mercredi,Ingé Informatique 5ème année,21907395,"IG5-TOUS, IG5-Option 1 - SD"
Softskills,CMTD,Opt1,XAIG923C,02/12/2025 14:00,2025-12-02,14:00:00,mardi,Ingé Informatique 5ème année,21907395,"IG5-TOUS, IG5-Option 1 - SD"
Softskills,CMTD,Opt1,XAIG923C,02/12/2025 15:45,2025-12-02,15:45:00,mardi,Ingé Informatique 5ème année,21907395,"IG5-TOUS, IG5-Option 1 - SD"
Softskills,CMTD,Opt1,XAIG923C,03/12/2025 09:45,2025-12-03,09:45:00,mercredi,Ingé Informatique 5ème année,21907395,"IG5-TOUS, IG5-Option 1 - SD"
WEB SEM,CMTD,Opt1,XAIG915C,05/11/2025 15:45,2025-11-05,15:45:00,mercredi,Ingé Informatique 5ème année,22111311,"IG5-TOUS, IG5-Option 1 - SD"
Softskills,CMTD,Opt1,XAIG923C,02/12/2025 14:00,2025-12-02,14:00:00,mardi,Ingé Informatique 5ème année,22111311,"IG5-TOUS, IG5-Option 1 - SD"
Softskills,CMTD,Opt1,XAIG923C,02/12/2025 15:45,2025-12-02,15:45:00,mardi,Ingé Informatique 5ème année,22111311,"IG5-TOUS, IG5-Option 1 - SD"
IWA Ingénierie des Applications Web 2,CMTD,Opt2,XAIG900C,25/09/2025 09:45,2025-09-25,09:45:00,jeudi,Ingé Informatique 5ème année,22105820,"IG5-TOUS, IG5-Option 2 - SECU"
O2 Cryptographie,CM/CMTD,,XAIG94C,26/09/2025 08:00,2025-09-26,08:00:00,vendredi,Ingé Informatique 5ème année,22105820,"IG5-TOUS, IG5-Option 2 - SECU"
DI droit des nouvelles techno,CM,,XAIG924C,29/09/2025 14:00,2025-09-29,14:00:00,lundi,Ingé Informatique 5ème année,22105820,"IG5-TOUS, IG5-Option 2 - SECU"
DI droit des nouvelles techno,CM,,XAIG924C,29/09/2025 15:45,2025-09-29,15:45:00,lundi,Ingé Informatique 5ème année,22105820,"IG5-TOUS, IG5-Option 2 - SECU"
DI droit des nouvelles techno,CM,,XAIG924C,13/10/2025 14:00,2025-10-13,14:00:00,lundi,Ingé Informatique 5ème année,22105820,"IG5-TOUS, IG5-Option 2 - SECU"
DI droit des nouvelles techno,CM,,XAIG924C,20/10/2025 14:00,2025-10-20,14:00:00,lundi,Ingé Informatique 5ème année,22105820,"IG5-TOUS, IG5-Option 2 - SECU"
O2 Cryptographie,CM/CMTD,,XAIG94C,21/10/2025 08:00,2025-10-21,08:00:00,mardi,Ingé Informatique 5ème année,22105820,"IG5-TOUS, IG5-Option 2 - SECU"
WEB SEM,CMTD,Opt2,XAIG915C,05/11/2025 14:00,2025-11-05,14:00:00,mercredi,Ingé Informatique 5ème année,22105820,"IG5-TOUS, IG5-Option 2 - SECU"
IWA Ingénierie des Applications Web 2,TD,Opt2,XAIG900C,14/11/2025 15:45,2025-11-14,15:45:00,vendredi,Ingé Informatique 5ème année,22105820,"IG5-TOUS, IG5-Option 2 - SECU"
IWA Ingénierie des Applications Web 2,TD,Opt2,XAIG900C,21/11/2025 15:45,2025-11-21,15:45:00,vendredi,Ingé Informatique 5ème année,22105820,"IG5-TOUS, IG5-Option 2 - SECU"
SSI Sécurité des Systèmes d'Information-crypto,CM/CMTD,,XAIG912C,17/09/2025 15:45,2025-09-17,15:45:00,mercredi,Ingé Informatique 5ème année,22415216,"IG5-TOUS, IG5-Option 1 - SD"
IWA Ingénierie des Applications Web 2,CMTD,Opt1,XAIG900C,19/09/2025 14:00,2025-09-19,14:00:00,vendredi,Ingé Informatique 5ème année,22415216,"IG5-TOUS, IG5-Option 1 - SD"
IWA Ingénierie des Applications Web 2,CMTD,Opt1,XAIG900C,12/11/2025 08:00,2025-11-12,08:00:00,mercredi,Ingé Informatique 5ème année,22415216,"IG5-TOUS, IG5-Option 1 - SD"
IWA Ingénierie des Applications Web 2,TD,Opt1,XAIG900C,19/11/2025 08:00,2025-11-19,08:00:00,mercredi,Ingé Informatique 5ème année,22415216,"IG5-TOUS, IG5-Option 1 - SD"
WEB SEM,CMTD,Opt2,XAIG915C,05/11/2025 14:00,2025-11-05,14:00:00,mercredi,Ingé Informatique 5ème année,22308428,"IG5-TOUS, IG5-Option 2 - SECU"
IWA Ingénierie des Applications Web 2,TD,Opt2,XAIG900C,19/11/2025 09:45,2025-11-19,09:45:00,mercredi,Ingé Informatique 5ème année,22308428,"IG5-TOUS, IG5-Option 2 - SECU"
IWA Ingénierie des Applications Web 2,TD,Opt2,XAIG900C,26/11/2025 09:45,2025-11-26,09:45:00,mercredi,Ingé Informatique 5ème année,22308428,"IG5-TOUS, IG5-Option 2 - SECU"
DI droit des nouvelles techno,CM,,XAIG924C,29/09/2025 14:00,2025-09-29,14:00:00,lundi,Ingé Informatique 5ème année,22100824,"IG5-TOUS, IG5-Option 2 - SECU"
DI droit des nouvelles techno,CM,,XAIG924C,29/09/2025 15:45,2025-09-29,15:45:00,lundi,Ingé Informatique 5ème année,22100824,"IG5-TOUS, IG5-Option 2 - SECU"
DI droit des nouvelles techno,CM,,XAIG924C,13/10/2025 14:00,2025-10-13,14:00:00,lundi,Ingé Informatique 5ème année,22100824,"IG5-TOUS, IG5-Option 2 - SECU"
DI droit des nouvelles techno,CM,,XAIG924C,13/10/2025 15:45,2025-10-13,15:45:00,lundi,Ingé Informatique 5ème année,22100824,"IG5-TOUS, IG5-Option 2 - SECU"
O2 Cryptographie,CM/CMTD,,XAIG94C,20/10/2025 08:00,2025-10-20,08:00:00,lundi,Ingé Informatique 5ème année,22100824,"IG5-TOUS, IG5-Option 2 - SECU"
O2 Cryptographie,CM/CMTD,,XAIG94C,21/10/2025 08:00,2025-10-21,08:00:00,mardi,Ingé Informatique 5ème année,22100824,"IG5-TOUS, IG5-Option 2 - SECU"
IWA Ingénierie des Applications Web 2,CMTD,Opt2,XAIG900C,12/11/2025 09:45,2025-11-12,09:45:00,mercredi,Ingé Informatique 5ème année,22100824,"IG5-TOUS, IG5-Option 2 - SECU"
GP Gestion projets SCM,TD,Opt2,XAIG903C,14/11/2025 14:00,2025-11-14,14:00:00,vendredi,Ingé Informatique 5ème année,22100824,"IG5-TOUS, IG5-Option 2 - SECU"
IWA Ingénierie des Applications Web 2,TD,Opt2,XAIG900C,14/11/2025 15:45,2025-11-14,15:45:00,vendredi,Ingé Informatique 5ème année,22100824,"IG5-TOUS, IG5-Option 2 - SECU"
WEB SEM,CMTD,Opt2,XAIG915C,17/11/2025 09:45,2025-11-17,09:45:00,lundi,Ingé Informatique 5ème année,22100824,"IG5-TOUS, IG5-Option 2 - SECU"
IWA Ingénierie des Applications Web 2,TD,Opt2,XAIG900C,21/11/2025 15:45,2025-11-21,15:45:00,vendredi,Ingé Informatique 5ème année,22100824,"IG5-TOUS, IG5-Option 2 - SECU"
Softskills,CMTD,Opt2,XAIG923C,01/12/2025 08:45,2025-12-01,08:45:00,lundi,Ingé Informatique 5ème année,22100824,"IG5-TOUS, IG5-Option 2 - SECU"
DI droit des nouvelles techno,CM,,XAIG924C,20/10/2025 14:00,2025-10-20,14:00:00,lundi,Ingé Informatique 5ème année,22100113,"IG5-TOUS, IG5-Option 2 - SECU"
IWA Ingénierie des Applications Web 2,CMTD,Opt2,XAIG900C,17/11/2025 11:30,2025-11-17,11:30:00,lundi,Ingé Informatique 5ème année,22100113,"IG5-TOUS, IG5-Option 2 - SECU"
IWA Ingénierie des Applications Web 2,TD,Opt1,XAIG900C,19/11/2025 08:00,2025-11-19,08:00:00,mercredi,Ingé Informatique 5ème année,22108900,"IG5-TOUS, IG5-Option 1 - SD"
IWA Ingénierie des Applications Web 2,TD,Opt1,XAIG900C,26/11/2025 08:00,2025-11-26,08:00:00,mercredi,Ingé Informatique 5ème année,22108900,"IG5-TOUS, IG5-Option 1 - SD"
Softskills,CMTD,Opt1,XAIG923C,02/12/2025 14:00,2025-12-02,14:00:00,mardi,Ingé Informatique 5ème année,22108900,"IG5-TOUS, IG5-Option 1 - SD"
Softskills,CMTD,Opt1,XAIG923C,02/12/2025 15:45,2025-12-02,15:45:00,mardi,Ingé Informatique 5ème année,22108900,"IG5-TOUS, IG5-Option 1 - SD"
Softskills,CMTD,Opt1,XAIG923C,03/12/2025 09:45,2025-12-03,09:45:00,mercredi,Ingé Informatique 5ème année,22108900,"IG5-TOUS, IG5-Option 1 - SD"
Softskills,CMTD,Opt1,XAIG923C,03/12/2025 11:30,2025-12-03,11:30:00,mercredi,Ingé Informatique 5ème année,22108900,"IG5-TOUS, IG5-Option 1 - SD"
DI droit des nouvelles techno,CM,,XAIG924C,29/09/2025 14:00,2025-09-29,14:00:00,lundi,Ingé Informatique 5ème année,22211439,"IG5-TOUS, IG5-Option 2 - SECU"
DI droit des nouvelles techno,CM,,XAIG924C,29/09/2025 15:45,2025-09-29,15:45:00,lundi,Ingé Informatique 5ème année,22211439,"IG5-TOUS, IG5-Option 2 - SECU"
DI droit des nouvelles techno,CM,,XAIG924C,13/10/2025 14:00,2025-10-13,14:00:00,lundi,Ingé Informatique 5ème année,22211439,"IG5-TOUS, IG5-Option 2 - SECU"
DI droit des nouvelles techno,CM,,XAIG924C,13/10/2025 15:45,2025-10-13,15:45:00,lundi,Ingé Informatique 5ème année,22211439,"IG5-TOUS, IG5-Option 2 - SECU"
IWA Ingénierie des Applications Web 2,TD,Opt2,XAIG900C,14/11/2025 15:45,2025-11-14,15:45:00,vendredi,Ingé Informatique 5ème année,22211439,"IG5-TOUS, IG5-Option 2 - SECU"
Softskills,CMTD,Opt2,XAIG923C,01/12/2025 08:45,2025-12-01,08:45:00,lundi,Ingé Informatique 5ème année,22211439,"IG5-TOUS, IG5-Option 2 - SECU"
WEB SEM,CMTD,Opt1,XAIG915C,05/11/2025 15:45,2025-11-05,15:45:00,mercredi,Ingé Informatique 5ème année,22315120,"IG5-TOUS, IG5-Option 1 - SD"
IWA Ingénierie des Applications Web 2,TD,Opt1,XAIG900C,19/11/2025 08:00,2025-11-19,08:00:00,mercredi,Ingé Informatique 5ème année,22315120,"IG5-TOUS, IG5-Option 1 - SD"
Softskills,CMTD,Opt1,XAIG923C,02/12/2025 14:00,2025-12-02,14:00:00,mardi,Ingé Informatique 5ème année,22315120,"IG5-TOUS, IG5-Option 1 - SD"
Softskills,CMTD,Opt1,XAIG923C,02/12/2025 15:45,2025-12-02,15:45:00,mardi,Ingé Informatique 5ème année,22315120,"IG5-TOUS, IG5-Option 1 - SD"
Softskills,CMTD,Opt1,XAIG923C,03/12/2025 09:45,2025-12-03,09:45:00,mercredi,Ingé Informatique 5ème année,22315120,"IG5-TOUS, IG5-Option 1 - SD"
Softskills,CMTD,Opt1,XAIG923C,03/12/2025 11:30,2025-12-03,11:30:00,mercredi,Ingé Informatique 5ème année,22315120,"IG5-TOUS, IG5-Option 1 - SD"
IWA Ingénierie des Applications Web 2,CMTD,Opt1,XAIG900C,03/11/2025 09:45,2025-11-03,09:45:00,lundi,Ingé Informatique 5ème année,22212018,"IG5-TOUS, IG5-Option 1 - SD"
IWA Ingénierie des Applications Web 2,TD,Opt1,XAIG900C,05/11/2025 14:00,2025-11-05,14:00:00,mercredi,Ingé Informatique 5ème année,22212018,"IG5-TOUS, IG5-Option 1 - SD"
IWA Ingénierie des Applications Web 2,CMTD,Opt1,XAIG900C,10/11/2025 09:45,2025-11-10,09:45:00,lundi,Ingé Informatique 5ème année,22212018,"IG5-TOUS, IG5-Option 1 - SD"
IWA Ingénierie des Applications Web 2,CMTD,Opt1,XAIG900C,12/11/2025 08:00,2025-11-12,08:00:00,mercredi,Ingé Informatique 5ème année,22212018,"IG5-TOUS, IG5-Option 1 - SD"
IWA Ingénierie des Applications Web 2,CMTD,Opt1,XAIG900C,17/11/2025 09:45,2025-11-17,09:45:00,lundi,Ingé Informatique 5ème année,22212018,"IG5-TOUS, IG5-Option 1 - SD"
Gestion projet  TDD BDD...,CM,,XAIG903C,26/11/2025 11:30,2025-11-26,11:30:00,mercredi,Ingé Informatique 5ème année,22212018,"IG5-TOUS, IG5-Option 1 - SD"
DI droit des nouvelles techno,CM,,XAIG924C,14/10/2025 14:00,2025-10-14,14:00:00,mardi,Ingé Informatique 5ème année,22313692,"IG5-TOUS, IG5-Option 1 - SD"
DI droit des nouvelles techno,CM,,XAIG924C,14/10/2025 15:45,2025-10-14,15:45:00,mardi,Ingé Informatique 5ème année,22313692,"IG5-TOUS, IG5-Option 1 - SD"
ID Introduction au Droit,CM/CMTD,,XAIG925C,17/10/2025 09:45,2025-10-17,09:45:00,vendredi,Ingé Informatique 5ème année,22313692,"IG5-TOUS, IG5-Option 1 - SD"
IWA Ingénierie des Applications Web 2,TD,Opt1,XAIG900C,19/11/2025 08:00,2025-11-19,08:00:00,mercredi,Ingé Informatique 5ème année,22313692,"IG5-TOUS, IG5-Option 1 - SD"
IWA Ingénierie des Applications Web 2,TD,Opt1,XAIG900C,26/11/2025 08:00,2025-11-26,08:00:00,mercredi,Ingé Informatique 5ème année,22313692,"IG5-TOUS, IG5-Option 1 - SD"
Softskills,CMTD,Opt1,XAIG923C,02/12/2025 14:00,2025-12-02,14:00:00,mardi,Ingé Informatique 5ème année,22313692,"IG5-TOUS, IG5-Option 1 - SD"
Softskills,CMTD,Opt1,XAIG923C,02/12/2025 15:45,2025-12-02,15:45:00,mardi,Ingé Informatique 5ème année,22313692,"IG5-TOUS, IG5-Option 1 - SD"