intitule_cours,type_cours,code_cours,date,date_only,heure,jour_semaine,civilité,code_civilité,groupe_eleve,code_eleve,groupes
Fondamentaux BD relat.,CMTD,XA1S514C,24/10/2025 08:00,2025-10-24,08:00:00,vendredi,Ingé Informatique 3ème année,DaMS3,G2,22302569,"IG3-TP2, IG3-TD2, IG3-TOUS"
Projet C,PROJ,XA1S506C,17/11/2025 08:00,2025-11-17,08:00:00,lundi,Ingé Informatique 3ème année,DaMS3,G2,22302569,"IG3-TP2, IG3-TD2, IG3-TOUS"
Projet C,PROJ,XA1S506C,25/11/2025 08:00,2025-11-25,08:00:00,mardi,Ingé Informatique 3ème année,DaMS3,G1,22301636,"IG3-TP1, IG3-TD1, IG3-TOUS"
Intro prog C,CMTD,XA1S504C,15/09/2025 14:00,2025-09-15,14:00:00,lundi,Ingé Informatique 3ème année,DaMS3,G1,22514917,"IG3-TP1, IG3-TD1, IG3-TOUS"
Modélisation et stat,CMTD,XA1S523C,16/09/2025 14:00,2025-09-16,14:00:00,mardi,Ingé Informatique 3ème année,DaMS3,G1,22514917,"IG3-TP1, IG3-TD1, IG3-TOUS"
Modélisation et stat,CMTD,XA1S523C,06/10/2025 14:00,2025-10-06,14:00:00,lundi,Ingé Informatique 3ème année,DaMS3,G1,22514917,"IG3-TP1, IG3-TD1, IG3-TOUS"
Modélisation et stat,CMTD,XA1S523C,07/10/2025 14:00,2025-10-07,14:00:00,mardi,Ingé Informatique 3ème année,DaMS3,G1,22514917,"IG3-TP1, IG3-TD1, IG3-TOUS"
Algo.et Types abstrait 1,CMTD,XA1S511C,13/10/2025 15:45,2025-10-13,15:45:00,lundi,Ingé Informatique 3ème année,DaMS3,G1,22514917,"IG3-TP1, IG3-TD1, IG3-TOUS"
Maths pour info,CMTD,XA1S522C,17/10/2025 08:00,2025-10-17,08:00:00,vendredi,Ingé Informatique 3ème année,DaMS3,G1,22514917,"IG3-TP1, IG3-TD1, IG3-TOUS"
Fondamentaux BD relat.,CMTD,XA1S514C,23/10/2025 11:30,2025-10-23,11:30:00,jeudi,Ingé Informatique 3ème année,DaMS3,G1,22514917,"IG3-TP1, IG3-TD1, IG3-TOUS"
Fondamentaux BD relat.,CMTD,XA1S514C,24/10/2025 15:45,2025-10-24,15:45:00,vendredi,Ingé Informatique 3ème année,DaMS3,G1,22514917,"IG3-TP1, IG3-TD1, IG3-TOUS"
Algo.et Types abstrait 1,CMTD,XA1S511C,04/11/2025 08:00,2025-11-04,08:00:00,mardi,Ingé Informatique 3ème année,DaMS3,G1,22514917,"IG3-TP1, IG3-TD1, IG3-TOUS"
Modélisation et stat,CMTD,XA1S523C,04/11/2025 15:45,2025-11-04,15:45:00,mardi,Ingé Informatique 3ème année,DaMS3,G1,22514917,"IG3-TP1, IG3-TD1, IG3-TOUS"
Maths pour info,CMTD,XA1S522C,24/09/2025 08:45,2025-09-24,08:45:00,mercredi,Ingé Informatique 3ème année,DaMS3,G1,22502774,"IG3-TP1, IG3-TD1, IG3-TOUS"
Algo.et Types abstrait 1,CMTD,XA1S511C,13/10/2025 15:45,2025-10-13,15:45:00,lundi,Ingé Informatique 3ème année,DaMS3,G1,22502774,"IG3-TP1, IG3-TD1, IG3-TOUS"
Fondamentaux BD relat.,CMTD,XA1S514C,23/10/2025 11:30,2025-10-23,11:30:00,jeudi,Ingé Informatique 3ème année,DaMS3,G1,22502774,"IG3-TP1, IG3-TD1, IG3-TOUS"
Projet C,PROJ,XA1S506C,25/11/2025 08:00,2025-11-25,08:00:00,mardi,Ingé Informatique 3ème année,DaMS3,G1,22502774,"IG3-TP1, IG3-TD1, IG3-TOUS"
Optim science données,CMTD,XA1S524C,24/09/2025 10:30,2025-09-24,10:30:00,mercredi,Ingé Informatique 3ème année,DaMS3,G1,22303152,"IG3-TP1, IG3-TD1, IG3-TOUS"
Projet C,PROJ,XA1S506C,25/11/2025 08:00,2025-11-25,08:00:00,mardi,Ingé Informatique 3ème année,DaMS3,G1,22303152,"IG3-TP1, IG3-TD1, IG3-TOUS"
Intro prog C,CMTD,XA1S504C,16/09/2025 08:00,2025-09-16,08:00:00,mardi,Ingé Informatique 3ème année,DaMS3,G1,22303923,"IG3-TP1, IG3-TD1, IG3-TOUS"
Anglais S5,TD,XA1S534C,20/10/2025 09:45,2025-10-20,09:45:00,lundi,Ingé Informatique 3ème année,DaMS3,G1,22303923,"IG3-TP1, IG3-TD1, IG3-TOUS"
Anglais S5,TD,XA1S534C,20/10/2025 11:30,2025-10-20,11:30:00,lundi,Ingé Informatique 3ème année,DaMS3,G1,22303923,"IG3-TP1, IG3-TD1, IG3-TOUS"
Modélisation et stat,CMTD,XA1S523C,20/10/2025 14:00,2025-10-20,14:00:00,lundi,Ingé Informatique 3ème année,DaMS3,G1,22303923,"IG3-TP1, IG3-TD1, IG3-TOUS"
Maths pour info,CMTD,XA1S522C,22/10/2025 08:45,2025-10-22,08:45:00,mercredi,Ingé Informatique 3ème année,DaMS3,G1,22303923,"IG3-TP1, IG3-TD1, IG3-TOUS"
Maths pour info,CMTD,XA1S522C,24/10/2025 08:00,2025-10-24,08:00:00,vendredi,Ingé Informatique 3ème année,DaMS3,G1,22303923,"IG3-TP1, IG3-TD1, IG3-TOUS"
Modélisation et stat,CMTD,XA1S523C,24/10/2025 14:00,2025-10-24,14:00:00,vendredi,Ingé Informatique 3ème année,DaMS3,G1,22303923,"IG3-TP1, IG3-TD1, IG3-TOUS"
Fondamentaux BD relat.,CMTD,XA1S514C,24/10/2025 15:45,2025-10-24,15:45:00,vendredi,Ingé Informatique 3ème année,DaMS3,G1,22303923,"IG3-TP1, IG3-TD1, IG3-TOUS"
Projet C,PROJ,XA1S506C,25/11/2025 08:00,2025-11-25,08:00:00,mardi,Ingé Informatique 3ème année,DaMS3,G1,22303923,"IG3-TP1, IG3-TD1, IG3-TOUS"
Culture éco,CM,XA1S530C,27/11/2025 08:00,2025-11-27,08:00:00,jeudi,Ingé Informatique 3ème année,DaMS3,,22303923,"IG3-TP1, IG3-TD1, IG3-TOUS"
Anglais S5,TD,XA1S534C,13/10/2025 09:45,2025-10-13,09:45:00,lundi,Ingé Informatique 3ème année,DaMS3,G2,22306374,"IG3-TP2, IG3-TD2, IG3-TOUS"
Anglais S5,TD,XA1S534C,13/10/2025 11:30,2025-10-13,11:30:00,lundi,Ingé Informatique 3ème année,DaMS3,G2,22306374,"IG3-TP2, IG3-TD2, IG3-TOUS"
Algo.et Types abstrait 1,CMTD,XA1S511C,13/10/2025 14:00,2025-10-13,14:00:00,lundi,Ingé Informatique 3ème année,DaMS3,G2,22306374,"IG3-TP2, IG3-TD2, IG3-TOUS"
Algo.et Types abstrait 1,CMTD,XA1S511C,14/10/2025 09:45,2025-10-14,09:45:00,mardi,Ingé Informatique 3ème année,DaMS3,G2,22306374,"IG3-TP2, IG3-TD2, IG3-TOUS"
Algo.et Types abstrait 1,CMTD,XA1S511C,15/10/2025 08:00,2025-10-15,08:00:00,mercredi,Ingé Informatique 3ème année,DaMS3,G2,22306374,"IG3-TP2, IG3-TD2, IG3-TOUS"
Maths pour info,CMTD,XA1S522C,17/10/2025 09:45,2025-10-17,09:45:00,vendredi,Ingé Informatique 3ème année,DaMS3,G2,22306374,"IG3-TP2, IG3-TD2, IG3-TOUS"
Anglais S5,TD,XA1S534C,20/10/2025 09:45,2025-10-20,09:45:00,lundi,Ingé Informatique 3ème année,DaMS3,G2,22306374,"IG3-TP2, IG3-TD2, IG3-TOUS"
Anglais S5,TD,XA1S534C,20/10/2025 11:30,2025-10-20,11:30:00,lundi,Ingé Informatique 3ème année,DaMS3,G2,22306374,"IG3-TP2, IG3-TD2, IG3-TOUS"
Modélisation et stat,CMTD,XA1S523C,20/10/2025 15:45,2025-10-20,15:45:00,lundi,Ingé Informatique 3ème année,DaMS3,G2,22306374,"IG3-TP2, IG3-TD2, IG3-TOUS"
Maths pour info,CMTD,XA1S522C,22/10/2025 10:30,2025-10-22,10:30:00,mercredi,Ingé Informatique 3ème année,DaMS3,G2,22306374,"IG3-TP2, IG3-TD2, IG3-TOUS"
Fondamentaux BD relat.,CMTD,XA1S514C,24/10/2025 08:00,2025-10-24,08:00:00,vendredi,Ingé Informatique 3ème année,DaMS3,G2,22306374,"IG3-TP2, IG3-TD2, IG3-TOUS"
Maths pour info,CMTD,XA1S522C,24/10/2025 09:45,2025-10-24,09:45:00,vendredi,Ingé Informatique 3ème année,DaMS3,G2,22306374,"IG3-TP2, IG3-TD2, IG3-TOUS"
Fondamentaux BD relat.,CMTD,XA1S514C,24/10/2025 14:00,2025-10-24,14:00:00,vendredi,Ingé Informatique 3ème année,DaMS3,G2,22306374,"IG3-TP2, IG3-TD2, IG3-TOUS"
Modélisation et stat,CMTD,XA1S523C,24/10/2025 15:45,2025-10-24,15:45:00,vendredi,Ingé Informatique 3ème année,DaMS3,G2,22306374,"IG3-TP2, IG3-TD2, IG3-TOUS"
Projet C,PROJ,XA1S506C,25/11/2025 08:00,2025-11-25,08:00:00,mardi,Ingé Informatique 3ème année,DaMS3,G2,22306374,"IG3-TP2, IG3-TD2, IG3-TOUS"
Intro prog C,CMTD,XA1S504C,16/09/2025 08:00,2025-09-16,08:00:00,mardi,Ingé Dév Info et Exploi APP 3ème année,DaMS3,G2,22305396,"IG3-TP2, IG3-TD2, IG3-TOUS"
Maths pour info,CMTD,XA1S522C,25/09/2025 09:45,2025-09-25,09:45:00,jeudi,Ingé Dév Info et Exploi APP 3ème année,DaMS3,G2,22305396,"IG3-TP2, IG3-TD2, IG3-TOUS"
Modélisation et stat,CMTD,XA1S523C,06/10/2025 15:45,2025-10-06,15:45:00,lundi,Ingé Dév Info et Exploi APP 3ème année,DaMS3,G2,22305396,"IG3-TP2, IG3-TD2, IG3-TOUS"
Modélisation et stat,CMTD,XA1S523C,07/10/2025 15:45,2025-10-07,15:45:00,mardi,Ingé Dév Info et Exploi APP 3ème année,DaMS3,G2,22305396,"IG3-TP2, IG3-TD2, IG3-TOUS"
Modélisation et stat,CMTD,XA1S523C,20/10/2025 15:45,2025-10-20,15:45:00,lundi,Ingé Dév Info et Exploi APP 3ème année,DaMS3,G2,22305396,"IG3-TP2, IG3-TD2, IG3-TOUS"
Fondamentaux BD relat.,CMTD,XA1S514C,24/10/2025 08:00,2025-10-24,08:00:00,vendredi,Ingé Dév Info et Exploi APP 3ème année,DaMS3,G2,22305396,"IG3-TP2, IG3-TD2, IG3-TOUS"
Fondamentaux BD relat.,CMTD,XA1S514C,24/10/2025 14:00,2025-10-24,14:00:00,vendredi,Ingé Dév Info et Exploi APP 3ème année,DaMS3,G2,22305396,"IG3-TP2, IG3-TD2, IG3-TOUS"
Modélisation et stat,CMTD,XA1S523C,24/10/2025 15:45,2025-10-24,15:45:00,vendredi,Ingé Dév Info et Exploi APP 3ème année,DaMS3,G2,22305396,"IG3-TP2, IG3-TD2, IG3-TOUS"
Algo.et Types abstrait 1,CMTD,XA1S511C,03/11/2025 09:45,2025-11-03,09:45:00,lundi,Ingé Dév Info et Exploi APP 3ème année,DaMS3,G2,22305396,"IG3-TP2, IG3-TD2, IG3-TOUS"
Fondamentaux BD relat.,CMTD,XA1S514C,03/11/2025 14:00,2025-11-03,14:00:00,lundi,Ingé Dév Info et Exploi APP 3ème année,DaMS3,G2,22305396,"IG3-TP2, IG3-TD2, IG3-TOUS"
Algo.et Types abstrait 1,CMTD,XA1S511C,04/11/2025 09:45,2025-11-04,09:45:00,mardi,Ingé Dév Info et Exploi APP 3ème année,DaMS3,G2,22305396,"IG3-TP2, IG3-TD2, IG3-TOUS"
Modélisation et stat,CMTD,XA1S523C,04/11/2025 14:00,2025-11-04,14:00:00,mardi,Ingé Dév Info et Exploi APP 3ème année,DaMS3,G2,22305396,"IG3-TP2, IG3-TD2, IG3-TOUS"
Fondamentaux BD relat.,TP,XA1S514C,05/11/2025 08:00,2025-11-05,08:00:00,mercredi,Ingé Dév Info et Exploi APP 3ème année,DaMS3,G2,22305396,"IG3-TP2, IG3-TD2, IG3-TOUS"
Algo.et Types abstrait 1,TP,XA1S511C,12/11/2025 09:45,2025-11-12,09:45:00,mercredi,Ingé Dév Info et Exploi APP 3ème année,DaMS3,G2,22305396,"IG3-TP2, IG3-TD2, IG3-TOUS"
Optim science données,CMTD,XA1S524C,24/11/2025 14:00,2025-11-24,14:00:00,lundi,Ingé Dév Info et Exploi APP 3ème année,DaMS3,G2,22305396,"IG3-TP2, IG3-TD2, IG3-TOUS"
Projet C,PROJ,XA1S506C,25/11/2025 08:00,2025-11-25,08:00:00,mardi,Ingé Dév Info et Exploi APP 3ème année,DaMS3,G2,22305396,"IG3-TP2, IG3-TD2, IG3-TOUS"
Algo.et Types abstrait 1,CMTD,XA1S511C,03/12/2025 10:30,2025-12-03,10:30:00,mercredi,Ingé Dév Info et Exploi APP 3ème année,DaMS3,G2,22305396,"IG3-TP2, IG3-TD2, IG3-TOUS"
Projet C,PROJ,XA1S506C,25/11/2025 08:00,2025-11-25,08:00:00,mardi,Ingé Informatique 3ème année,DaMS3,G1,22201730,"IG3-TP1, IG3-TD1, IG3-TOUS"
Maths pour info,CMTD,XA1S522C,22/10/2025 10:30,2025-10-22,10:30:00,mercredi,Ingé Informatique 3ème année,DaMS3,G2,22303619,"IG3-TP2, IG3-TD2, IG3-TOUS"
Projet C,PROJ,XA1S506C,17/11/2025 08:00,2025-11-17,08:00:00,lundi,Ingé Informatique 3ème année,DaMS3,G2,22303619,"IG3-TP2, IG3-TD2, IG3-TOUS"
Projet C,PROJ,XA1S506C,25/11/2025 08:00,2025-11-25,08:00:00,mardi,Ingé Informatique 3ème année,DaMS3,G2,22303619,"IG3-TP2, IG3-TD2, IG3-TOUS"
Modélisation et stat,CMTD,XA1S523C,06/10/2025 14:00,2025-10-06,14:00:00,lundi,Ingé Informatique 3ème année,DaMS3,G1,22514330,"IG3-TP1, IG3-TD1, IG3-TOUS"
Modélisation et stat,CMTD,XA1S523C,07/10/2025 14:00,2025-10-07,14:00:00,mardi,Ingé Informatique 3ème année,DaMS3,G1,22514330,"IG3-TP1, IG3-TD1, IG3-TOUS"
Algo.et Types abstrait 1,CMTD,XA1S511C,13/10/2025 15:45,2025-10-13,15:45:00,lundi,Ingé Informatique 3ème année,DaMS3,G1,22514330,"IG3-TP1, IG3-TD1, IG3-TOUS"
Maths pour info,CMTD,XA1S522C,24/10/2025 08:00,2025-10-24,08:00:00,vendredi,Ingé Informatique 3ème année,DaMS3,G1,22514330,"IG3-TP1, IG3-TD1, IG3-TOUS"
Projet C,PROJ,XA1S506C,25/11/2025 08:00,2025-11-25,08:00:00,mardi,Ingé Informatique 3ème année,DaMS3,G1,22514330,"IG3-TP1, IG3-TD1, IG3-TOUS"
Maths pour info,CMTD,XA1S522C,24/09/2025 10:30,2025-09-24,10:30:00,mercredi,Ingé Informatique 3ème année,DaMS3,G2,22514362,"IG3-TP2, IG3-TD2, IG3-TOUS"
Maths pour info,CMTD,XA1S522C,29/09/2025 09:45,2025-09-29,09:45:00,lundi,Ingé Informatique 3ème année,DaMS3,G2,22514362,"IG3-TP2, IG3-TD2, IG3-TOUS"
Maths pour info,CMTD,XA1S522C,17/10/2025 09:45,2025-10-17,09:45:00,vendredi,Ingé Informatique 3ème année,DaMS3,G2,22514362,"IG3-TP2, IG3-TD2, IG3-TOUS"
Maths pour info,CMTD,XA1S522C,05/11/2025 09:45,2025-11-05,09:45:00,mercredi,Ingé Informatique 3ème année,DaMS3,G2,22514362,"IG3-TP2, IG3-TD2, IG3-TOUS"
Projet C,PROJ,XA1S506C,17/11/2025 08:00,2025-11-17,08:00:00,lundi,Ingé Informatique 3ème année,DaMS3,G2,22514362,"IG3-TP2, IG3-TD2, IG3-TOUS"
Projet C,PROJ,XA1S506C,25/11/2025 08:00,2025-11-25,08:00:00,mardi,Ingé Informatique 3ème année,DaMS3,G2,22514362,"IG3-TP2, IG3-TD2, IG3-TOUS"
Algo.et Types abstrait 1,CMTD,XA1S511C,03/12/2025 10:30,2025-12-03,10:30:00,mercredi,Ingé Informatique 3ème année,DaMS3,G2,22514362,"IG3-TP2, IG3-TD2, IG3-TOUS"
Maths pour info,CMTD,XA1S522C,29/09/2025 09:45,2025-09-29,09:45:00,lundi,Ingé Informatique 3ème année,DaMS3,G2,22302276,"IG3-TP2, IG3-TD2, IG3-TOUS"
Modélisation et stat,CMTD,XA1S523C,29/09/2025 15:45,2025-09-29,15:45:00,lundi,Ingé Informatique 3ème année,DaMS3,G2,22302276,"IG3-TP2, IG3-TD2, IG3-TOUS"
Maths pour info,CMTD,XA1S522C,02/10/2025 11:30,2025-10-02,11:30:00,jeudi,Ingé Informatique 3ème année,DaMS3,G2,22302276,"IG3-TP2, IG3-TD2, IG3-TOUS"
Modélisation et stat,CMTD,XA1S523C,06/10/2025 15:45,2025-10-06,15:45:00,lundi,Ingé Informatique 3ème année,DaMS3,G2,22302276,"IG3-TP2, IG3-TD2, IG3-TOUS"
Modélisation et stat,CMTD,XA1S523C,07/10/2025 15:45,2025-10-07,15:45:00,mardi,Ingé Informatique 3ème année,DaMS3,G2,22302276,"IG3-TP2, IG3-TD2, IG3-TOUS"
Optim science données,CMTD,XA1S524C,24/11/2025 14:00,2025-11-24,14:00:00,lundi,Ingé Informatique 3ème année,DaMS3,G2,22302276,"IG3-TP2, IG3-TD2, IG3-TOUS"
Projet C,PROJ,XA1S506C,25/11/2025 08:00,2025-11-25,08:00:00,mardi,Ingé Informatique 3ème année,DaMS3,G1,22202894,"IG3-TP1, IG3-TD1, IG3-TOUS"
Algo.et Types abstrait 1,CMTD,XA1S511C,14/10/2025 08:00,2025-10-14,08:00:00,mardi,Ingé Informatique 3ème année,DaMS3,G1,22106340,"IG3-TP1, IG3-TD1, IG3-TOUS"
Optim science données,CMTD,XA1S524C,14/10/2025 09:45,2025-10-14,09:45:00,mardi,Ingé Informatique 3ème année,DaMS3,G1,22106340,"IG3-TP1, IG3-TD1, IG3-TOUS"
Maths pour info,CMTD,XA1S522C,22/10/2025 08:45,2025-10-22,08:45:00,mercredi,Ingé Informatique 3ème année,DaMS3,G1,22106340,"IG3-TP1, IG3-TD1, IG3-TOUS"
Fondamentaux BD relat.,CMTD,XA1S514C,24/10/2025 15:45,2025-10-24,15:45:00,vendredi,Ingé Informatique 3ème année,DaMS3,G1,22106340,"IG3-TP1, IG3-TD1, IG3-TOUS"
Algo.et Types abstrait 1,CMTD,XA1S511C,04/11/2025 08:00,2025-11-04,08:00:00,mardi,Ingé Informatique 3ème année,DaMS3,G1,22106340,"IG3-TP1, IG3-TD1, IG3-TOUS"
Maths pour info,CMTD,XA1S522C,05/11/2025 08:00,2025-11-05,08:00:00,mercredi,Ingé Informatique 3ème année,DaMS3,G1,22106340,"IG3-TP1, IG3-TD1, IG3-TOUS"
Fondamentaux BD relat.,TP,XA1S514C,05/11/2025 09:45,2025-11-05,09:45:00,mercredi,Ingé Informatique 3ème année,DaMS3,G1,22106340,"IG3-TP1, IG3-TD1, IG3-TOUS"
Projet C,PROJ,XA1S506C,17/11/2025 08:00,2025-11-17,08:00:00,lundi,Ingé Informatique 3ème année,DaMS3,G1,22106340,"IG3-TP1, IG3-TD1, IG3-TOUS"
Projet C,PROJ,XA1S506C,25/11/2025 08:00,2025-11-25,08:00:00,mardi,Ingé Informatique 3ème année,DaMS3,G1,22106340,"IG3-TP1, IG3-TD1, IG3-TOUS"
Algo.et Types abstrait 1,CMTD,XA1S511C,03/11/2025 09:45,2025-11-03,09:45:00,lundi,Ingé Informatique 3ème année,DaMS3,G2,22307763,"IG3-TP2, IG3-TD2, IG3-TOUS"
Fondamentaux BD relat.,TP,XA1S514C,05/11/2025 08:00,2025-11-05,08:00:00,mercredi,Ingé Informatique 3ème année,DaMS3,G2,22515430,"IG3-TP2, IG3-TD2, IG3-TOUS"
Projet C,PROJ,XA1S506C,25/11/2025 08:00,2025-11-25,08:00:00,mardi,Ingé Informatique 3ème année,DaMS3,G2,22515430,"IG3-TP2, IG3-TD2, IG3-TOUS"
Maths pour info,CMTD,XA1S522C,24/09/2025 10:30,2025-09-24,10:30:00,mercredi,Ingé Informatique 3ème année,DaMS3,G2,22515320,"IG3-TP2, IG3-TD2, IG3-TOUS"
Algo.et Types abstrait 1,TP,XA1S511C,12/11/2025 09:45,2025-11-12,09:45:00,mercredi,Ingé Informatique 3ème année,DaMS3,G2,22515320,"IG3-TP2, IG3-TD2, IG3-TOUS"
Projet C,PROJ,XA1S506C,25/11/2025 08:00,2025-11-25,08:00:00,mardi,Ingé Informatique 3ème année,DaMS3,G2,22515320,"IG3-TP2, IG3-TD2, IG3-TOUS"
Algo.et Types abstrait 1,CMTD,XA1S511C,01/12/2025 08:00,2025-12-01,08:00:00,lundi,Ingé Informatique 3ème année,DaMS3,G2,22515320,"IG3-TP2, IG3-TD2, IG3-TOUS"
Algo.et Types abstrait 1,CMTD,XA1S511C,03/11/2025 11:30,2025-11-03,11:30:00,lundi,Ingé Informatique 3ème année,DaMS3,G1,22314487,"IG3-TP1, IG3-TD1, IG3-TOUS"
Fondamentaux BD relat.,CMTD,XA1S514C,03/11/2025 15:45,2025-11-03,15:45:00,lundi,Ingé Informatique 3ème année,DaMS3,G1,22314487,"IG3-TP1, IG3-TD1, IG3-TOUS"
Algo.et Types abstrait 1,CMTD,XA1S511C,04/11/2025 08:00,2025-11-04,08:00:00,mardi,Ingé Informatique 3ème année,DaMS3,G1,22314487,"IG3-TP1, IG3-TD1, IG3-TOUS"
Modélisation et stat,CMTD,XA1S523C,04/11/2025 15:45,2025-11-04,15:45:00,mardi,Ingé Informatique 3ème année,DaMS3,G1,22314487,"IG3-TP1, IG3-TD1, IG3-TOUS"
Projet C,PROJ,XA1S506C,25/11/2025 08:00,2025-11-25,08:00:00,mardi,Ingé Informatique 3ème année,DaMS3,G1,22314487,"IG3-TP1, IG3-TD1, IG3-TOUS"
Projet C,PROJ,XA1S506C,25/11/2025 08:00,2025-11-25,08:00:00,mardi,Ingé Informatique 3ème année,DaMS3,G2,22314034,"IG3-TP2, IG3-TD2, IG3-TOUS"
Fondamentaux BD relat.,CMTD,XA1S514C,23/10/2025 11:30,2025-10-23,11:30:00,jeudi,Ingé Informatique 3ème année,DaMS3,G1,22507731,"IG3-TP1, IG3-TD1, IG3-TOUS"
Maths pour info,CMTD,XA1S522C,24/10/2025 08:00,2025-10-24,08:00:00,vendredi,Ingé Informatique 3ème année,DaMS3,G1,22507731,"IG3-TP1, IG3-TD1, IG3-TOUS"
Projet C,PROJ,XA1S506C,25/11/2025 08:00,2025-11-25,08:00:00,mardi,Ingé Informatique 3ème année,DaMS3,G1,22507731,"IG3-TP1, IG3-TD1, IG3-TOUS"
Projet C,PROJ,XA1S506C,25/11/2025 08:00,2025-11-25,08:00:00,mardi,Ingé Informatique 3ème année,DaMS3,G1,22500082,"IG3-TP1, IG3-TD1, IG3-TOUS"
Fondamentaux BD relat.,CMTD,XA1S514C,24/10/2025 08:00,2025-10-24,08:00:00,vendredi,Ingé Informatique 3ème année,DaMS3,G2,22501880,"IG3-TP2, IG3-TD2, IG3-TOUS"
Projet C,PROJ,XA1S506C,25/11/2025 08:00,2025-11-25,08:00:00,mardi,Ingé Informatique 3ème année,DaMS3,G2,22501880,"IG3-TP2, IG3-TD2, IG3-TOUS"
Maths pour info,CMTD,XA1S522C,01/10/2025 08:45,2025-10-01,08:45:00,mercredi,Ingé Informatique 3ème année,DaMS3,G1,22303345,"IG3-TP1, IG3-TD1, IG3-TOUS"
Anglais S5,TD,XA1S534C,20/10/2025 09:45,2025-10-20,09:45:00,lundi,Ingé Informatique 3ème année,DaMS3,G1,22303345,"IG3-TP1, IG3-TD1, IG3-TOUS"
Anglais S5,TD,XA1S534C,20/10/2025 11:30,2025-10-20,11:30:00,lundi,Ingé Informatique 3ème année,DaMS3,G1,22303345,"IG3-TP1, IG3-TD1, IG3-TOUS"
Modélisation et stat,CMTD,XA1S523C,20/10/2025 14:00,2025-10-20,14:00:00,lundi,Ingé Informatique 3ème année,DaMS3,G1,22303345,"IG3-TP1, IG3-TD1, IG3-TOUS"
Maths pour info,CMTD,XA1S522C,22/10/2025 08:45,2025-10-22,08:45:00,mercredi,Ingé Informatique 3ème année,DaMS3,G1,22303345,"IG3-TP1, IG3-TD1, IG3-TOUS"
Fondamentaux BD relat.,CMTD,XA1S514C,24/10/2025 15:45,2025-10-24,15:45:00,vendredi,Ingé Informatique 3ème année,DaMS3,G1,22303345,"IG3-TP1, IG3-TD1, IG3-TOUS"
Projet C,PROJ,XA1S506C,25/11/2025 08:00,2025-11-25,08:00:00,mardi,Ingé Informatique 3ème année,DaMS3,G1,22303345,"IG3-TP1, IG3-TD1, IG3-TOUS"
Maths pour info,CMTD,XA1S522C,29/09/2025 09:45,2025-09-29,09:45:00,lundi,Ingé Informatique 3ème année,DaMS3,G2,22514023,"IG3-TP2, IG3-TD2, IG3-TOUS"
Maths pour info,CMTD,XA1S522C,17/10/2025 09:45,2025-10-17,09:45:00,vendredi,Ingé Informatique 3ème année,DaMS3,G2,22514023,"IG3-TP2, IG3-TD2, IG3-TOUS"
Projet C,PROJ,XA1S506C,25/11/2025 08:00,2025-11-25,08:00:00,mardi,Ingé Informatique 3ème année,DaMS3,G2,22514023,"IG3-TP2, IG3-TD2, IG3-TOUS"
Maths pour info,CMTD,XA1S522C,25/11/2025 09:45,2025-11-25,09:45:00,mardi,Ingé Informatique 3ème année,DaMS3,G2,22514023,"IG3-TP2, IG3-TD2, IG3-TOUS"
Algo.et Types abstrait 1,CMTD,XA1S511C,01/12/2025 08:00,2025-12-01,08:00:00,lundi,Ingé Informatique 3ème année,DaMS3,G2,22514023,"IG3-TP2, IG3-TD2, IG3-TOUS"
Modélisation et stat,CMTD,XA1S523C,10/10/2025 14:00,2025-10-10,14:00:00,vendredi,Ingé Informatique 3ème année,DaMS3,G1,22203372,"IG3-TP1, IG3-TD1, IG3-TOUS"
Projet C,PROJ,XA1S506C,25/11/2025 08:00,2025-11-25,08:00:00,mardi,Ingé Informatique 3ème année,DaMS3,G1,22203372,"IG3-TP1, IG3-TD1, IG3-TOUS"
Maths pour info,CMTD,XA1S522C,24/09/2025 08:45,2025-09-24,08:45:00,mercredi,Ingé Informatique 3ème année,DaMS3,G1,22306306,"IG3-TP1, IG3-TD1, IG3-TOUS"
Optim science données,CMTD,XA1S524C,24/09/2025 10:30,2025-09-24,10:30:00,mercredi,Ingé Informatique 3ème année,DaMS3,G1,22306306,"IG3-TP1, IG3-TD1, IG3-TOUS"
Optim science données,CMTD,XA1S524C,07/10/2025 09:45,2025-10-07,09:45:00,mardi,Ingé Informatique 3ème année,DaMS3,G1,22306306,"IG3-TP1, IG3-TD1, IG3-TOUS"
Optim science données,CMTD,XA1S524C,08/10/2025 08:00,2025-10-08,08:00:00,mercredi,Ingé Informatique 3ème année,DaMS3,G1,22306306,"IG3-TP1, IG3-TD1, IG3-TOUS"
Modélisation et stat,CMTD,XA1S523C,10/10/2025 14:00,2025-10-10,14:00:00,vendredi,Ingé Informatique 3ème année,DaMS3,G1,22306306,"IG3-TP1, IG3-TD1, IG3-TOUS"
Algo.et Types abstrait 1,CMTD,XA1S511C,14/10/2025 08:00,2025-10-14,08:00:00,mardi,Ingé Informatique 3ème année,DaMS3,G1,22306306,"IG3-TP1, IG3-TD1, IG3-TOUS"
Optim science données,CMTD,XA1S524C,14/10/2025 09:45,2025-10-14,09:45:00,mardi,Ingé Informatique 3ème année,DaMS3,G1,22306306,"IG3-TP1, IG3-TD1, IG3-TOUS"
Algo.et Types abstrait 1,CMTD,XA1S511C,15/10/2025 09:45,2025-10-15,09:45:00,mercredi,Ingé Informatique 3ème année,DaMS3,G1,22306306,"IG3-TP1, IG3-TD1, IG3-TOUS"
Maths pour info,CMTD,XA1S522C,17/10/2025 08:00,2025-10-17,08:00:00,vendredi,Ingé Informatique 3ème année,DaMS3,G1,22306306,"IG3-TP1, IG3-TD1, IG3-TOUS"
Maths pour info,CMTD,XA1S522C,24/10/2025 08:00,2025-10-24,08:00:00,vendredi,Ingé Informatique 3ème année,DaMS3,G1,22306306,"IG3-TP1, IG3-TD1, IG3-TOUS"
Modélisation et stat,CMTD,XA1S523C,24/10/2025 14:00,2025-10-24,14:00:00,vendredi,Ingé Informatique 3ème année,DaMS3,G1,22306306,"IG3-TP1, IG3-TD1, IG3-TOUS"
Fondamentaux BD relat.,CMTD,XA1S514C,24/10/2025 15:45,2025-10-24,15:45:00,vendredi,Ingé Informatique 3ème année,DaMS3,G1,22306306,"IG3-TP1, IG3-TD1, IG3-TOUS"
Algo.et Types abstrait 1,CMTD,XA1S511C,03/11/2025 11:30,2025-11-03,11:30:00,lundi,Ingé Informatique 3ème année,DaMS3,G1,22306306,"IG3-TP1, IG3-TD1, IG3-TOUS"
Fondamentaux BD relat.,CMTD,XA1S514C,03/11/2025 15:45,2025-11-03,15:45:00,lundi,Ingé Informatique 3ème année,DaMS3,G1,22306306,"IG3-TP1, IG3-TD1, IG3-TOUS"
Algo.et Types abstrait 1,CMTD,XA1S511C,04/11/2025 08:00,2025-11-04,08:00:00,mardi,Ingé Informatique 3ème année,DaMS3,G1,22306306,"IG3-TP1, IG3-TD1, IG3-TOUS"
Modélisation et stat,CMTD,XA1S523C,04/11/2025 15:45,2025-11-04,15:45:00,mardi,Ingé Informatique 3ème année,DaMS3,G1,22306306,"IG3-TP1, IG3-TD1, IG3-TOUS"
Maths pour info,CMTD,XA1S522C,05/11/2025 08:00,2025-11-05,08:00:00,mercredi,Ingé Informatique 3ème année,DaMS3,G1,22306306,"IG3-TP1, IG3-TD1, IG3-TOUS"
Fondamentaux BD relat.,TP,XA1S514C,05/11/2025 09:45,2025-11-05,09:45:00,mercredi,Ingé Informatique 3ème année,DaMS3,G1,22306306,"IG3-TP1, IG3-TD1, IG3-TOUS"
Anglais S5,TD,XA1S534C,10/11/2025 09:45,2025-11-10,09:45:00,lundi,Ingé Informatique 3ème année,DaMS3,G1,22306306,"IG3-TP1, IG3-TD1, IG3-TOUS"
Anglais S5,TD,XA1S534C,10/11/2025 11:30,2025-11-10,11:30:00,lundi,Ingé Informatique 3ème année,DaMS3,G1,22306306,"IG3-TP1, IG3-TD1, IG3-TOUS"
Anglais S5,TD,XA1S534C,24/11/2025 09:45,2025-11-24,09:45:00,lundi,Ingé Informatique 3ème année,DaMS3,G1,22306306,"IG3-TP1, IG3-TD1, IG3-TOUS"
Anglais S5,TD,XA1S534C,24/11/2025 11:30,2025-11-24,11:30:00,lundi,Ingé Informatique 3ème année,DaMS3,G1,22306306,"IG3-TP1, IG3-TD1, IG3-TOUS"
Projet C,PROJ,XA1S506C,25/11/2025 08:00,2025-11-25,08:00:00,mardi,Ingé Informatique 3ème année,DaMS3,G1,22306306,"IG3-TP1, IG3-TD1, IG3-TOUS"
Projet C,PROJ,XA1S506C,25/11/2025 08:00,2025-11-25,08:00:00,mardi,Ingé Informatique 3ème année,DaMS3,G2,22509348,"IG3-TP2, IG3-TD2, IG3-TOUS"
Optim science données,CMTD,XA1S524C,15/09/2025 09:45,2025-09-15,09:45:00,lundi,Ingé Informatique 3ème année,DaMS3,G1,22307599,"IG3-TP1, IG3-TD1, IG3-TOUS"
Intro prog C,CMTD,XA1S504C,15/09/2025 14:00,2025-09-15,14:00:00,lundi,Ingé Informatique 3ème année,DaMS3,G1,22307599,"IG3-TP1, IG3-TD1, IG3-TOUS"
Intro prog C,CMTD,XA1S504C,16/09/2025 08:00,2025-09-16,08:00:00,mardi,Ingé Informatique 3ème année,DaMS3,G1,22307599,"IG3-TP1, IG3-TD1, IG3-TOUS"
Intro prog C,CMTD,XA1S504C,16/09/2025 09:45,2025-09-16,09:45:00,mardi,Ingé Informatique 3ème année,DaMS3,G1,22307599,"IG3-TP1, IG3-TD1, IG3-TOUS"
Intro prog C,CMTD,XA1S504C,16/09/2025 11:30,2025-09-16,11:30:00,mardi,Ingé Informatique 3ème année,DaMS3,G1,22307599,"IG3-TP1, IG3-TD1, IG3-TOUS"
Modélisation et stat,CMTD,XA1S523C,16/09/2025 14:00,2025-09-16,14:00:00,mardi,Ingé Informatique 3ème année,DaMS3,G1,22307599,"IG3-TP1, IG3-TD1, IG3-TOUS"
Optim science données,CMTD,XA1S524C,24/09/2025 10:30,2025-09-24,10:30:00,mercredi,Ingé Informatique 3ème année,DaMS3,G1,22307599,"IG3-TP1, IG3-TD1, IG3-TOUS"
Modélisation et stat,CMTD,XA1S523C,10/10/2025 14:00,2025-10-10,14:00:00,vendredi,Ingé Informatique 3ème année,DaMS3,G1,22307599,"IG3-TP1, IG3-TD1, IG3-TOUS"
Maths pour info,CMTD,XA1S522C,24/10/2025 08:00,2025-10-24,08:00:00,vendredi,Ingé Informatique 3ème année,DaMS3,G1,22307599,"IG3-TP1, IG3-TD1, IG3-TOUS"
Modélisation et stat,CMTD,XA1S523C,24/10/2025 14:00,2025-10-24,14:00:00,vendredi,Ingé Informatique 3ème année,DaMS3,G1,22307599,"IG3-TP1, IG3-TD1, IG3-TOUS"
Fondamentaux BD relat.,CMTD,XA1S514C,24/10/2025 15:45,2025-10-24,15:45:00,vendredi,Ingé Informatique 3ème année,DaMS3,G1,22307599,"IG3-TP1, IG3-TD1, IG3-TOUS"
Anglais S5,TD,XA1S534C,24/11/2025 09:45,2025-11-24,09:45:00,lundi,Ingé Informatique 3ème année,DaMS3,G1,22307599,"IG3-TP1, IG3-TD1, IG3-TOUS"
Anglais S5,TD,XA1S534C,24/11/2025 11:30,2025-11-24,11:30:00,lundi,Ingé Informatique 3ème année,DaMS3,G1,22307599,"IG3-TP1, IG3-TD1, IG3-TOUS"
Projet C,PROJ,XA1S506C,25/11/2025 08:00,2025-11-25,08:00:00,mardi,Ingé Informatique 3ème année,DaMS3,G1,22307599,"IG3-TP1, IG3-TD1, IG3-TOUS"
Algo.et Types abstrait 1,CMTD,XA1S511C,03/12/2025 08:45,2025-12-03,08:45:00,mercredi,Ingé Informatique 3ème année,DaMS3,G1,22307599,"IG3-TP1, IG3-TD1, IG3-TOUS"
Maths pour info,CMTD,XA1S522C,22/10/2025 08:45,2025-10-22,08:45:00,mercredi,Ingé Informatique 3ème année,DaMS3,G1,22320171,"IG3-TP1, IG3-TD1, IG3-TOUS"
Projet C,PROJ,XA1S506C,25/11/2025 08:00,2025-11-25,08:00:00,mardi,Ingé Informatique 3ème année,DaMS3,G1,22320171,"IG3-TP1, IG3-TD1, IG3-TOUS"
Shell & CLI,CM,XA1S500C,08/09/2025 08:00,2025-09-08,08:00:00,lundi,Ingé Informatique 3ème année,DaMS3,,22515448,"IG3-TP1, IG3-TD1, IG3-TOUS"
Optim science données,CMTD,XA1S524C,15/09/2025 09:45,2025-09-15,09:45:00,lundi,Ingé Informatique 3ème année,DaMS3,G1,22515448,"IG3-TP1, IG3-TD1, IG3-TOUS"
Maths pour info,CMTD,XA1S522C,24/09/2025 08:45,2025-09-24,08:45:00,mercredi,Ingé Informatique 3ème année,DaMS3,G1,22515448,"IG3-TP1, IG3-TD1, IG3-TOUS"
Modélisation et stat,CMTD,XA1S523C,29/09/2025 14:00,2025-09-29,14:00:00,lundi,Ingé Informatique 3ème année,DaMS3,G1,22515448,"IG3-TP1, IG3-TD1, IG3-TOUS"
Maths pour info,CMTD,XA1S522C,01/10/2025 08:45,2025-10-01,08:45:00,mercredi,Ingé Informatique 3ème année,DaMS3,G1,22515448,"IG3-TP1, IG3-TD1, IG3-TOUS"
Optim science données,CMTD,XA1S524C,07/10/2025 09:45,2025-10-07,09:45:00,mardi,Ingé Informatique 3ème année,DaMS3,G1,22515448,"IG3-TP1, IG3-TD1, IG3-TOUS"
Optim science données,CMTD,XA1S524C,07/10/2025 11:30,2025-10-07,11:30:00,mardi,Ingé Informatique 3ème année,DaMS3,G1,22515448,"IG3-TP1, IG3-TD1, IG3-TOUS"
Optim science données,CMTD,XA1S524C,08/10/2025 08:00,2025-10-08,08:00:00,mercredi,Ingé Informatique 3ème année,DaMS3,G1,22515448,"IG3-TP1, IG3-TD1, IG3-TOUS"
Algo.et Types abstrait 1,CMTD,XA1S511C,08/10/2025 09:45,2025-10-08,09:45:00,mercredi,Ingé Informatique 3ème année,DaMS3,G1,22515448,"IG3-TP1, IG3-TD1, IG3-TOUS"
Anglais S5,TD,XA1S534C,13/10/2025 09:45,2025-10-13,09:45:00,lundi,Ingé Informatique 3ème année,DaMS3,G1,22515448,"IG3-TP1, IG3-TD1, IG3-TOUS"
Anglais S5,TD,XA1S534C,13/10/2025 11:30,2025-10-13,11:30:00,lundi,Ingé Informatique 3ème année,DaMS3,G1,22515448,"IG3-TP1, IG3-TD1, IG3-TOUS"
Optim science données,CMTD,XA1S524C,14/10/2025 15:45,2025-10-14,15:45:00,mardi,Ingé Informatique 3ème année,DaMS3,G1,22515448,"IG3-TP1, IG3-TD1, IG3-TOUS"
Algo.et Types abstrait 1,CMTD,XA1S511C,15/10/2025 09:45,2025-10-15,09:45:00,mercredi,Ingé Informatique 3ème année,DaMS3,G1,22515448,"IG3-TP1, IG3-TD1, IG3-TOUS"
Maths pour info,CMTD,XA1S522C,17/10/2025 08:00,2025-10-17,08:00:00,vendredi,Ingé Informatique 3ème année,DaMS3,G1,22515448,"IG3-TP1, IG3-TD1, IG3-TOUS"
Anglais S5,TD,XA1S534C,20/10/2025 09:45,2025-10-20,09:45:00,lundi,Ingé Informatique 3ème année,DaMS3,G1,22515448,"IG3-TP1, IG3-TD1, IG3-TOUS"
Anglais S5,TD,XA1S534C,20/10/2025 11:30,2025-10-20,11:30:00,lundi,Ingé Informatique 3ème année,DaMS3,G1,22515448,"IG3-TP1, IG3-TD1, IG3-TOUS"
Modélisation et stat,CMTD,XA1S523C,20/10/2025 14:00,2025-10-20,14:00:00,lundi,Ingé Informatique 3ème année,DaMS3,G1,22515448,"IG3-TP1, IG3-TD1, IG3-TOUS"
Maths pour info,CMTD,XA1S522C,22/10/2025 08:45,2025-10-22,08:45:00,mercredi,Ingé Informatique 3ème année,DaMS3,G1,22515448,"IG3-TP1, IG3-TD1, IG3-TOUS"
Fondamentaux BD relat.,CMTD,XA1S514C,23/10/2025 11:30,2025-10-23,11:30:00,jeudi,Ingé Informatique 3ème année,DaMS3,G1,22515448,"IG3-TP1, IG3-TD1, IG3-TOUS"
Maths pour info,CMTD,XA1S522C,24/10/2025 08:00,2025-10-24,08:00:00,vendredi,Ingé Informatique 3ème année,DaMS3,G1,22515448,"IG3-TP1, IG3-TD1, IG3-TOUS"
Modélisation et stat,CMTD,XA1S523C,24/10/2025 14:00,2025-10-24,14:00:00,vendredi,Ingé Informatique 3ème année,DaMS3,G1,22515448,"IG3-TP1, IG3-TD1, IG3-TOUS"
Fondamentaux BD relat.,CMTD,XA1S514C,24/10/2025 15:45,2025-10-24,15:45:00,vendredi,Ingé Informatique 3ème année,DaMS3,G1,22515448,"IG3-TP1, IG3-TD1, IG3-TOUS"
Algo.et Types abstrait 1,CMTD,XA1S511C,03/11/2025 11:30,2025-11-03,11:30:00,lundi,Ingé Informatique 3ème année,DaMS3,G1,22515448,"IG3-TP1, IG3-TD1, IG3-TOUS"
Algo.et Types abstrait 1,CMTD,XA1S511C,04/11/2025 08:00,2025-11-04,08:00:00,mardi,Ingé Informatique 3ème année,DaMS3,G1,22515448,"IG3-TP1, IG3-TD1, IG3-TOUS"
Maths pour info,CMTD,XA1S522C,05/11/2025 08:00,2025-11-05,08:00:00,mercredi,Ingé Informatique 3ème année,DaMS3,G1,22515448,"IG3-TP1, IG3-TD1, IG3-TOUS"
Fondamentaux BD relat.,TP,XA1S514C,05/11/2025 09:45,2025-11-05,09:45:00,mercredi,Ingé Informatique 3ème année,DaMS3,G1,22515448,"IG3-TP1, IG3-TD1, IG3-TOUS"
Projet C,PROJ,XA1S506C,25/11/2025 08:00,2025-11-25,08:00:00,mardi,Ingé Informatique 3ème année,DaMS3,G1,22515448,"IG3-TP1, IG3-TD1, IG3-TOUS"
Algo.et Types abstrait 1,CMTD,XA1S511C,03/12/2025 08:45,2025-12-03,08:45:00,mercredi,Ingé Informatique 3ème année,DaMS3,G1,22515448,"IG3-TP1, IG3-TD1, IG3-TOUS"
Algo.et Types abstrait 1,CMTD,XA1S511C,03/11/2025 09:45,2025-11-03,09:45:00,lundi,Ingé Informatique 3ème année,DaMS3,G2,22510645,"IG3-TP2, IG3-TD2, IG3-TOUS"
Fondamentaux BD relat.,CMTD,XA1S514C,03/11/2025 14:00,2025-11-03,14:00:00,lundi,Ingé Informatique 3ème année,DaMS3,G2,22510645,"IG3-TP2, IG3-TD2, IG3-TOUS"
Algo.et Types abstrait 1,CMTD,XA1S511C,04/11/2025 09:45,2025-11-04,09:45:00,mardi,Ingé Informatique 3ème année,DaMS3,G2,22510645,"IG3-TP2, IG3-TD2, IG3-TOUS"
Modélisation et stat,CMTD,XA1S523C,04/11/2025 14:00,2025-11-04,14:00:00,mardi,Ingé Informatique 3ème année,DaMS3,G2,22510645,"IG3-TP2, IG3-TD2, IG3-TOUS"
Optim science données,CMTD,XA1S524C,15/09/2025 11:30,2025-09-15,11:30:00,lundi,Ingé Informatique 3ème année,DaMS3,G2,22509976,"IG3-TP2, IG3-TD2, IG3-TOUS"
Fondamentaux BD relat.,TP,XA1S514C,05/11/2025 08:00,2025-11-05,08:00:00,mercredi,Ingé Informatique 3ème année,DaMS3,G2,22509976,"IG3-TP2, IG3-TD2, IG3-TOUS"
Maths pour info,CMTD,XA1S522C,05/11/2025 09:45,2025-11-05,09:45:00,mercredi,Ingé Informatique 3ème année,DaMS3,G2,22509976,"IG3-TP2, IG3-TD2, IG3-TOUS"
Projet C,PROJ,XA1S506C,25/11/2025 08:00,2025-11-25,08:00:00,mardi,Ingé Informatique 3ème année,DaMS3,G2,22509976,"IG3-TP2, IG3-TD2, IG3-TOUS"
Algo.et Types abstrait 1,CMTD,XA1S511C,13/10/2025 15:45,2025-10-13,15:45:00,lundi,Ingé Informatique 3ème année,DaMS3,G1,22310352,"IG3-TP1, IG3-TD1, IG3-TOUS"
Optim science données,CMTD,XA1S524C,14/10/2025 09:45,2025-10-14,09:45:00,mardi,Ingé Informatique 3ème année,DaMS3,G1,22310352,"IG3-TP1, IG3-TD1, IG3-TOUS"
Maths pour info,CMTD,XA1S522C,14/10/2025 14:00,2025-10-14,14:00:00,mardi,Ingé Informatique 3ème année,DaMS3,G1,22310352,"IG3-TP1, IG3-TD1, IG3-TOUS"
Optim science données,CMTD,XA1S524C,14/10/2025 15:45,2025-10-14,15:45:00,mardi,Ingé Informatique 3ème année,DaMS3,G1,22310352,"IG3-TP1, IG3-TD1, IG3-TOUS"
Algo.et Types abstrait 1,CMTD,XA1S511C,15/10/2025 09:45,2025-10-15,09:45:00,mercredi,Ingé Informatique 3ème année,DaMS3,G1,22310352,"IG3-TP1, IG3-TD1, IG3-TOUS"
Maths pour info,CMTD,XA1S522C,17/10/2025 08:00,2025-10-17,08:00:00,vendredi,Ingé Informatique 3ème année,DaMS3,G1,22310352,"IG3-TP1, IG3-TD1, IG3-TOUS"
Modélisation et stat,CMTD,XA1S523C,20/10/2025 14:00,2025-10-20,14:00:00,lundi,Ingé Informatique 3ème année,DaMS3,G1,22310352,"IG3-TP1, IG3-TD1, IG3-TOUS"
Fondamentaux BD relat.,CMTD,XA1S514C,23/10/2025 11:30,2025-10-23,11:30:00,jeudi,Ingé Informatique 3ème année,DaMS3,G1,22310352,"IG3-TP1, IG3-TD1, IG3-TOUS"
Maths pour info,CMTD,XA1S522C,24/10/2025 08:00,2025-10-24,08:00:00,vendredi,Ingé Informatique 3ème année,DaMS3,G1,22310352,"IG3-TP1, IG3-TD1, IG3-TOUS"
Modélisation et stat,CMTD,XA1S523C,24/10/2025 14:00,2025-10-24,14:00:00,vendredi,Ingé Informatique 3ème année,DaMS3,G1,22310352,"IG3-TP1, IG3-TD1, IG3-TOUS"
Fondamentaux BD relat.,CMTD,XA1S514C,24/10/2025 15:45,2025-10-24,15:45:00,vendredi,Ingé Informatique 3ème année,DaMS3,G1,22310352,"IG3-TP1, IG3-TD1, IG3-TOUS"
Projet C,PROJ,XA1S506C,25/11/2025 08:00,2025-11-25,08:00:00,mardi,Ingé Informatique 3ème année,DaMS3,G1,22310352,"IG3-TP1, IG3-TD1, IG3-TOUS"
Modélisation et stat,CMTD,XA1S523C,24/10/2025 14:00,2025-10-24,14:00:00,vendredi,Ingé Informatique 3ème année,DaMS3,G1,22505652,"IG3-TP1, IG3-TD1, IG3-TOUS"
Projet C,PROJ,XA1S506C,25/11/2025 08:00,2025-11-25,08:00:00,mardi,Ingé Informatique 3ème année,DaMS3,G1,22505652,"IG3-TP1, IG3-TD1, IG3-TOUS"
Optim science données,CMTD,XA1S524C,15/09/2025 09:45,2025-09-15,09:45:00,lundi,Ingé Informatique 3ème année,DaMS3,G1,22414949,"IG3-TP1, IG3-TD1, IG3-TOUS"
Intro prog C,CMTD,XA1S504C,15/09/2025 14:00,2025-09-15,14:00:00,lundi,Ingé Informatique 3ème année,DaMS3,G1,22414949,"IG3-TP1, IG3-TD1, IG3-TOUS"
Intro prog C,CMTD,XA1S504C,16/09/2025 08:00,2025-09-16,08:00:00,mardi,Ingé Informatique 3ème année,DaMS3,G1,22414949,"IG3-TP1, IG3-TD1, IG3-TOUS"
Intro prog C,CMTD,XA1S504C,16/09/2025 09:45,2025-09-16,09:45:00,mardi,Ingé Informatique 3ème année,DaMS3,G1,22414949,"IG3-TP1, IG3-TD1, IG3-TOUS"
Intro prog C,CMTD,XA1S504C,16/09/2025 11:30,2025-09-16,11:30:00,mardi,Ingé Informatique 3ème année,DaMS3,G1,22414949,"IG3-TP1, IG3-TD1, IG3-TOUS"
Modélisation et stat,CMTD,XA1S523C,16/09/2025 14:00,2025-09-16,14:00:00,mardi,Ingé Informatique 3ème année,DaMS3,G1,22414949,"IG3-TP1, IG3-TD1, IG3-TOUS"
Optim science données,CMTD,XA1S524C,19/09/2025 09:45,2025-09-19,09:45:00,vendredi,Ingé Informatique 3ème année,DaMS3,G1,22414949,"IG3-TP1, IG3-TD1, IG3-TOUS"
Optim science données,CMTD,XA1S524C,24/09/2025 10:30,2025-09-24,10:30:00,mercredi,Ingé Informatique 3ème année,DaMS3,G1,22414949,"IG3-TP1, IG3-TD1, IG3-TOUS"
Modélisation et stat,CMTD,XA1S523C,29/09/2025 14:00,2025-09-29,14:00:00,lundi,Ingé Informatique 3ème année,DaMS3,G1,22414949,"IG3-TP1, IG3-TD1, IG3-TOUS"
Optim science données,CMTD,XA1S524C,30/09/2025 09:45,2025-09-30,09:45:00,mardi,Ingé Informatique 3ème année,DaMS3,G1,22414949,"IG3-TP1, IG3-TD1, IG3-TOUS"
Modélisation et stat,CMTD,XA1S523C,06/10/2025 14:00,2025-10-06,14:00:00,lundi,Ingé Informatique 3ème année,DaMS3,G1,22414949,"IG3-TP1, IG3-TD1, IG3-TOUS"
Modélisation et stat,CMTD,XA1S523C,07/10/2025 14:00,2025-10-07,14:00:00,mardi,Ingé Informatique 3ème année,DaMS3,G1,22414949,"IG3-TP1, IG3-TD1, IG3-TOUS"
Optim science données,CMTD,XA1S524C,08/10/2025 08:00,2025-10-08,08:00:00,mercredi,Ingé Informatique 3ème année,DaMS3,G1,22414949,"IG3-TP1, IG3-TD1, IG3-TOUS"
Modélisation et stat,CMTD,XA1S523C,10/10/2025 14:00,2025-10-10,14:00:00,vendredi,Ingé Informatique 3ème année,DaMS3,G1,22414949,"IG3-TP1, IG3-TD1, IG3-TOUS"
Optim science données,CMTD,XA1S524C,14/10/2025 09:45,2025-10-14,09:45:00,mardi,Ingé Informatique 3ème année,DaMS3,G1,22414949,"IG3-TP1, IG3-TD1, IG3-TOUS"
Optim science données,CMTD,XA1S524C,14/10/2025 15:45,2025-10-14,15:45:00,mardi,Ingé Informatique 3ème année,DaMS3,G1,22414949,"IG3-TP1, IG3-TD1, IG3-TOUS"
Modélisation et stat,CMTD,XA1S523C,20/10/2025 14:00,2025-10-20,14:00:00,lundi,Ingé Informatique 3ème année,DaMS3,G1,22414949,"IG3-TP1, IG3-TD1, IG3-TOUS"
Fondamentaux BD relat.,CMTD,XA1S514C,23/10/2025 11:30,2025-10-23,11:30:00,jeudi,Ingé Informatique 3ème année,DaMS3,G1,22414949,"IG3-TP1, IG3-TD1, IG3-TOUS"
Modélisation et stat,CMTD,XA1S523C,24/10/2025 14:00,2025-10-24,14:00:00,vendredi,Ingé Informatique 3ème année,DaMS3,G1,22414949,"IG3-TP1, IG3-TD1, IG3-TOUS"
Fondamentaux BD relat.,CMTD,XA1S514C,24/10/2025 15:45,2025-10-24,15:45:00,vendredi,Ingé Informatique 3ème année,DaMS3,G1,22414949,"IG3-TP1, IG3-TD1, IG3-TOUS"
Algo.et Types abstrait 1,CMTD,XA1S511C,03/11/2025 11:30,2025-11-03,11:30:00,lundi,Ingé Informatique 3ème année,DaMS3,G1,22414949,"IG3-TP1, IG3-TD1, IG3-TOUS"
Fondamentaux BD relat.,CMTD,XA1S514C,03/11/2025 15:45,2025-11-03,15:45:00,lundi,Ingé Informatique 3ème année,DaMS3,G1,22414949,"IG3-TP1, IG3-TD1, IG3-TOUS"
Algo.et Types abstrait 1,CMTD,XA1S511C,04/11/2025 08:00,2025-11-04,08:00:00,mardi,Ingé Informatique 3ème année,DaMS3,G1,22414949,"IG3-TP1, IG3-TD1, IG3-TOUS"
Modélisation et stat,CMTD,XA1S523C,04/11/2025 15:45,2025-11-04,15:45:00,mardi,Ingé Informatique 3ème année,DaMS3,G1,22414949,"IG3-TP1, IG3-TD1, IG3-TOUS"
Fondamentaux BD relat.,TP,XA1S514C,05/11/2025 09:45,2025-11-05,09:45:00,mercredi,Ingé Informatique 3ème année,DaMS3,G1,22414949,"IG3-TP1, IG3-TD1, IG3-TOUS"
Projet C,PROJ,XA1S506C,25/11/2025 08:00,2025-11-25,08:00:00,mardi,Ingé Informatique 3ème année,DaMS3,G1,22414949,"IG3-TP1, IG3-TD1, IG3-TOUS"
Algo.et Types abstrait 1,CMTD,XA1S511C,03/12/2025 08:45,2025-12-03,08:45:00,mercredi,Ingé Informatique 3ème année,DaMS3,G1,22414949,"IG3-TP1, IG3-TD1, IG3-TOUS"
Projet C,PROJ,XA1S506C,25/11/2025 08:00,2025-11-25,08:00:00,mardi,Ingé Informatique 3ème année,DaMS3,G1,22301102,"IG3-TP1, IG3-TD1, IG3-TOUS"
Anglais S5,TD,XA1S534C,06/10/2025 09:45,2025-10-06,09:45:00,lundi,Ingé Informatique 3ème année,DaMS3,G2,22202358,"IG3-TP2, IG3-TD2, IG3-TOUS"
Anglais S5,TD,XA1S534C,06/10/2025 11:30,2025-10-06,11:30:00,lundi,Ingé Informatique 3ème année,DaMS3,G2,22202358,"IG3-TP2, IG3-TD2, IG3-TOUS"
Modélisation et stat,CMTD,XA1S523C,06/10/2025 15:45,2025-10-06,15:45:00,lundi,Ingé Informatique 3ème année,DaMS3,G2,22202358,"IG3-TP2, IG3-TD2, IG3-TOUS"
Optim science données,CMTD,XA1S524C,07/10/2025 08:00,2025-10-07,08:00:00,mardi,Ingé Informatique 3ème année,DaMS3,G2,22202358,"IG3-TP2, IG3-TD2, IG3-TOUS"
Algo.et Types abstrait 1,CMTD,XA1S511C,07/10/2025 09:45,2025-10-07,09:45:00,mardi,Ingé Informatique 3ème année,DaMS3,G2,22202358,"IG3-TP2, IG3-TD2, IG3-TOUS"
Modélisation et stat,CMTD,XA1S523C,07/10/2025 15:45,2025-10-07,15:45:00,mardi,Ingé Informatique 3ème année,DaMS3,G2,22202358,"IG3-TP2, IG3-TD2, IG3-TOUS"
Algo.et Types abstrait 1,CMTD,XA1S511C,08/10/2025 08:00,2025-10-08,08:00:00,mercredi,Ingé Informatique 3ème année,DaMS3,G2,22202358,"IG3-TP2, IG3-TD2, IG3-TOUS"
Optim science données,CMTD,XA1S524C,08/10/2025 09:45,2025-10-08,09:45:00,mercredi,Ingé Informatique 3ème année,DaMS3,G2,22202358,"IG3-TP2, IG3-TD2, IG3-TOUS"
Optim science données,CMTD,XA1S524C,08/10/2025 11:30,2025-10-08,11:30:00,mercredi,Ingé Informatique 3ème année,DaMS3,G2,22202358,"IG3-TP2, IG3-TD2, IG3-TOUS"
Projet C,PROJ,XA1S506C,25/11/2025 08:00,2025-11-25,08:00:00,mardi,Ingé Informatique 3ème année,DaMS3,G2,22513742,"IG3-TP2, IG3-TD2, IG3-TOUS"
Maths pour info,CMTD,XA1S522C,17/10/2025 09:45,2025-10-17,09:45:00,vendredi,Ingé Informatique 3ème année,DaMS3,G2,22515987,"IG3-TP2, IG3-TD2, IG3-TOUS"
Projet C,PROJ,XA1S506C,25/11/2025 08:00,2025-11-25,08:00:00,mardi,Ingé Informatique 3ème année,DaMS3,G2,22515987,"IG3-TP2, IG3-TD2, IG3-TOUS"
Fondamentaux BD relat.,CMTD,XA1S514C,24/10/2025 08:00,2025-10-24,08:00:00,vendredi,Ingé Informatique 3ème année,DaMS3,G2,22301328,"IG3-TP2, IG3-TD2, IG3-TOUS"
Projet C,PROJ,XA1S506C,25/11/2025 08:00,2025-11-25,08:00:00,mardi,Ingé Informatique 3ème année,DaMS3,G2,22301328,"IG3-TP2, IG3-TD2, IG3-TOUS"
Shell & CLI,CM,XA1S500C,08/09/2025 08:00,2025-09-08,08:00:00,lundi,Ingé Informatique 3ème année,DaMS3,,22514776,"IG3-TP1, IG3-TD1, IG3-TOUS"
Optim science données,CMTD,XA1S524C,15/09/2025 09:45,2025-09-15,09:45:00,lundi,Ingé Informatique 3ème année,DaMS3,G1,22514776,"IG3-TP1, IG3-TD1, IG3-TOUS"
Modélisation et stat,CMTD,XA1S523C,16/09/2025 14:00,2025-09-16,14:00:00,mardi,Ingé Informatique 3ème année,DaMS3,G1,22514776,"IG3-TP1, IG3-TD1, IG3-TOUS"
Optim science données,CMTD,XA1S524C,19/09/2025 09:45,2025-09-19,09:45:00,vendredi,Ingé Informatique 3ème année,DaMS3,G1,22514776,"IG3-TP1, IG3-TD1, IG3-TOUS"
Maths pour info,CMTD,XA1S522C,24/09/2025 08:45,2025-09-24,08:45:00,mercredi,Ingé Informatique 3ème année,DaMS3,G1,22514776,"IG3-TP1, IG3-TD1, IG3-TOUS"
Software Design,CM,XA1S710C,17/09/2025 14:30,2025-09-17,14:30:00,mercredi,Ingé Informatique 4ème année,DaMS4,,22410098,"IG4-TD1, IG4-TP1, IG4-TOUS"
Fond.du machine learning,CMTD,XA1S726C,27/11/2025 11:30,2025-11-27,11:30:00,jeudi,Ingé Informatique 4ème année,DaMS4,G1,22410098,"IG4-TD1, IG4-TP1, IG4-TOUS"
Entrepôts de données,TP,XA1S705C,03/12/2025 09:45,2025-12-03,09:45:00,mercredi,Ingé Informatique 4ème année,DaMS4,G1,22410098,"IG4-TD1, IG4-TP1, IG4-TOUS"
Software Design,CM,XA1S710C,17/09/2025 14:30,2025-09-17,14:30:00,mercredi,Ingé Informatique 4ème année,DaMS4,,22203011,"IG4-TD1, IG4-TP1, IG4-TOUS"
Software Design,CM,XA1S710C,17/09/2025 14:30,2025-09-17,14:30:00,mercredi,Ingé Informatique 4ème année,DaMS4,,22413107,"IG4-TD2, IG4-TP2, IG4-TOUS"
Fond.du machine learning,CMTD,XA1S726C,27/11/2025 11:30,2025-11-27,11:30:00,jeudi,Ingé Informatique 4ème année,DaMS4,G1,22208599,"IG4-TD1, IG4-TP1, IG4-TOUS"
Entrepôts de données,TP,XA1S705C,03/12/2025 09:45,2025-12-03,09:45:00,mercredi,Ingé Informatique 4ème année,DaMS4,G1,22208599,"IG4-TD1, IG4-TP1, IG4-TOUS"
Anglais S7,TD,XA1S735C,14/10/2025 08:00,2025-10-14,08:00:00,mardi,Ingé Informatique 4ème année,DaMS4,G1,22205466,"IG4-TD1, IG4-TP1, IG4-TOUS"
Anglais S7,TD,XA1S735C,04/11/2025 08:00,2025-11-04,08:00:00,mardi,Ingé Informatique 4ème année,DaMS4,G1,22205466,"IG4-TD1, IG4-TP1, IG4-TOUS"
Anglais S7,TD,XA1S735C,25/11/2025 08:00,2025-11-25,08:00:00,mardi,Ingé Informatique 4ème année,DaMS4,G2,22414812,"IG4-TD2, IG4-TP2, IG4-TOUS"
Entrepôts de données,TP,XA1S705C,03/12/2025 08:00,2025-12-03,08:00:00,mercredi,Ingé Informatique 4ème année,DaMS4,G2,22414812,"IG4-TD2, IG4-TP2, IG4-TOUS"
Software Design,CM,XA1S710C,17/09/2025 14:30,2025-09-17,14:30:00,mercredi,Ingé Informatique 4ème année,DaMS4,,22414838,"IG4-TD2, IG4-TP2, IG4-TOUS"
Software Design,CM,XA1S710C,17/09/2025 14:30,2025-09-17,14:30:00,mercredi,Ingé Informatique 4ème année,DaMS4,,22414922,"IG4-TD1, IG4-TP1, IG4-TOUS"
Anglais S7,TD,XA1S735C,25/11/2025 08:00,2025-11-25,08:00:00,mardi,Ingé Informatique 4ème année,DaMS4,G1,22414922,"IG4-TD1, IG4-TP1, IG4-TOUS"
Entrepôts de données,TP,XA1S705C,03/12/2025 09:45,2025-12-03,09:45:00,mercredi,Ingé Informatique 4ème année,DaMS4,G1,22414922,"IG4-TD1, IG4-TP1, IG4-TOUS"
Software Design,CM,XA1S710C,17/09/2025 14:30,2025-09-17,14:30:00,mercredi,Ingé Informatique 4ème année,DaMS4,,22406136,"IG4-TD1, IG4-TP1, IG4-TOUS"
Anglais S7,TD,XA1S735C,30/09/2025 08:00,2025-09-30,08:00:00,mardi,Ingé Informatique 4ème année,DaMS4,G1,22406136,"IG4-TD1, IG4-TP1, IG4-TOUS"
Anglais S7,TD,XA1S735C,23/09/2025 08:00,2025-09-23,08:00:00,mardi,Ingé Informatique 4ème année,DaMS4,G2,22412601,"IG4-TD2, IG4-TP2, IG4-TOUS"
Anglais S7,TD,XA1S735C,23/09/2025 09:45,2025-09-23,09:45:00,mardi,Ingé Informatique 4ème année,DaMS4,G2,22412601,"IG4-TD2, IG4-TP2, IG4-TOUS"
Software Design,CM,XA1S710C,17/09/2025 14:30,2025-09-17,14:30:00,mercredi,Ingé Informatique 4ème année,DaMS4,,22201339,"IG4-TD2, IG4-TP2, IG4-TOUS"
Entrepôts de données,TP,XA1S705C,03/12/2025 08:00,2025-12-03,08:00:00,mercredi,Ingé Informatique 4ème année,DaMS4,G2,22201339,"IG4-TD2, IG4-TP2, IG4-TOUS"
Software Design,CM,XA1S710C,17/09/2025 14:30,2025-09-17,14:30:00,mercredi,Ingé Informatique 4ème année,DaMS4,,22202946,"IG4-TD2, IG4-TP2, IG4-TOUS"
Anglais S7,TD,XA1S735C,23/09/2025 08:00,2025-09-23,08:00:00,mardi,Ingé Informatique 4ème année,DaMS4,G2,22410721,"IG4-TD2, IG4-TP2, IG4-TOUS"
Entrepôts de données,TD,XA1S705C,18/11/2025 08:00,2025-11-18,08:00:00,mardi,Ingé Informatique 4ème année,DaMS4,G2,22410721,"IG4-TD2, IG4-TP2, IG4-TOUS"
Software Design,CM,XA1S710C,17/09/2025 14:30,2025-09-17,14:30:00,mercredi,Ingé Informatique 4ème année,DaMS4,,22415685,"IG4-TD1, IG4-TP1, IG4-TOUS"
Anglais S7,TD,XA1S735C,30/09/2025 08:00,2025-09-30,08:00:00,mardi,Ingé Informatique 4ème année,DaMS4,G2,22208515,"IG4-TD2, IG4-TP2, IG4-TOUS"
Software Design,CM,XA1S710C,17/09/2025 14:30,2025-09-17,14:30:00,mercredi,Ingé Informatique 4ème année,DaMS4,,22415343,"IG4-TD2, IG4-TP2, IG4-TOUS"
Anglais S7,TD,XA1S735C,25/11/2025 08:00,2025-11-25,08:00:00,mardi,Ingé Informatique 4ème année,DaMS4,G2,22415343,"IG4-TD2, IG4-TP2, IG4-TOUS"
Anglais S7,TD,XA1S735C,25/11/2025 09:45,2025-11-25,09:45:00,mardi,Ingé Informatique 4ème année,DaMS4,G2,22415343,"IG4-TD2, IG4-TP2, IG4-TOUS"
Software Design,CM,XA1S710C,17/09/2025 14:30,2025-09-17,14:30:00,mercredi,Ingé Informatique 4ème année,DaMS4,,22201278,"IG4-TD2, IG4-TP2, IG4-TOUS"
Entrepôts de données,TD,XA1S705C,18/11/2025 08:00,2025-11-18,08:00:00,mardi,Ingé Informatique 4ème année,DaMS4,G2,22201278,"IG4-TD2, IG4-TP2, IG4-TOUS"
Entrepôts de données,TP,XA1S705C,03/12/2025 08:00,2025-12-03,08:00:00,mercredi,Ingé Informatique 4ème année,DaMS4,G2,22201278,"IG4-TD2, IG4-TP2, IG4-TOUS"
Software Design,CM,XA1S710C,17/09/2025 14:30,2025-09-17,14:30:00,mercredi,Ingé Informatique 4ème année,DaMS4,,22415441,"IG4-TD1, IG4-TP1, IG4-TOUS"
Anglais S7,TD,XA1S735C,25/11/2025 08:00,2025-11-25,08:00:00,mardi,Ingé Informatique 4ème année,DaMS4,G1,22415441,"IG4-TD1, IG4-TP1, IG4-TOUS"
Anglais S7,TD,XA1S735C,25/11/2025 09:45,2025-11-25,09:45:00,mardi,Ingé Informatique 4ème année,DaMS4,G1,22415441,"IG4-TD1, IG4-TP1, IG4-TOUS"
Anglais S7,TD,XA1S735C,30/09/2025 08:00,2025-09-30,08:00:00,mardi,Ingé Informatique 4ème année,DaMS4,G2,22509308,"IG4-TD2, IG4-TP2, IG4-TOUS"
Anglais S7,TD,XA1S735C,30/09/2025 09:45,2025-09-30,09:45:00,mardi,Ingé Informatique 4ème année,DaMS4,G2,22509308,"IG4-TD2, IG4-TP2, IG4-TOUS"
Anglais S7,TD,XA1S735C,30/09/2025 08:00,2025-09-30,08:00:00,mardi,Ingé Informatique 4ème année,DaMS4,G2,22204811,"IG4-TD2, IG4-TP2, IG4-TOUS"
Anglais S7,TD,XA1S735C,07/10/2025 08:00,2025-10-07,08:00:00,mardi,Ingé Informatique 4ème année,DaMS4,G2,22204811,"IG4-TD2, IG4-TP2, IG4-TOUS"
Anglais S7,TD,XA1S735C,07/10/2025 09:45,2025-10-07,09:45:00,mardi,Ingé Informatique 4ème année,DaMS4,G2,22204811,"IG4-TD2, IG4-TP2, IG4-TOUS"
Anglais S7,TD,XA1S735C,04/11/2025 08:00,2025-11-04,08:00:00,mardi,Ingé Informatique 4ème année,DaMS4,G2,22204811,"IG4-TD2, IG4-TP2, IG4-TOUS"
Entrepôts de données,TD,XA1S705C,18/11/2025 08:00,2025-11-18,08:00:00,mardi,Ingé Informatique 4ème année,DaMS4,G2,22204811,"IG4-TD2, IG4-TP2, IG4-TOUS"
Entrepôts de données,TP,XA1S705C,03/12/2025 08:00,2025-12-03,08:00:00,mercredi,Ingé Informatique 4ème année,DaMS4,G2,22204811,"IG4-TD2, IG4-TP2, IG4-TOUS"
Anglais S7,TD,XA1S735C,04/11/2025 08:00,2025-11-04,08:00:00,mardi,Ingé Informatique 4ème année,DaMS4,G1,22509153,"IG4-TD1, IG4-TP1, IG4-TOUS"
Software Design,CM,XA1S710C,17/09/2025 14:30,2025-09-17,14:30:00,mercredi,Ingé Informatique 4ème année,DaMS4,,22315558,"IG4-TD1, IG4-TP1, IG4-TOUS"
Anglais S7,TD,XA1S735C,04/11/2025 08:00,2025-11-04,08:00:00,mardi,Ingé Informatique 4ème année,DaMS4,G1,22315558,"IG4-TD1, IG4-TP1, IG4-TOUS"
Anglais S7,TD,XA1S735C,04/11/2025 09:45,2025-11-04,09:45:00,mardi,Ingé Informatique 4ème année,DaMS4,G1,22315558,"IG4-TD1, IG4-TP1, IG4-TOUS"
Entrepôts de données,TD,XA1S705C,18/11/2025 08:00,2025-11-18,08:00:00,mardi,Ingé Informatique 4ème année,DaMS4,G2,22407586,"IG4-TD2, IG4-TP2, IG4-TOUS"
Anglais S7,TD,XA1S735C,25/11/2025 08:00,2025-11-25,08:00:00,mardi,Ingé Informatique 4ème année,DaMS4,G2,22407586,"IG4-TD2, IG4-TP2, IG4-TOUS"
Entrepôts de données,TP,XA1S705C,03/12/2025 08:00,2025-12-03,08:00:00,mercredi,Ingé Informatique 4ème année,DaMS4,G2,22407586,"IG4-TD2, IG4-TP2, IG4-TOUS"
Software Design,CM,XA1S710C,17/09/2025 14:30,2025-09-17,14:30:00,mercredi,Ingé Informatique 4ème année,DaMS4,,22414467,"IG4-TD2, IG4-TP2, IG4-TOUS"
Software Design,CM,XA1S710C,17/09/2025 14:30,2025-09-17,14:30:00,mercredi,Ingé Informatique 4ème année,DaMS4,,22414826,"IG4-TD2, IG4-TP2, IG4-TOUS"
Software Design,CM,XA1S710C,17/09/2025 14:30,2025-09-17,14:30:00,mercredi,Ingé Informatique 4ème année,DaMS4,,22100944,"IG4-TD1, IG4-TP1, IG4-TOUS"
Entrepôts de données,TD,XA1S705C,18/11/2025 08:00,2025-11-18,08:00:00,mardi,Ingé Informatique 4ème année,DaMS4,G2,22206722,"IG4-TD2, IG4-TP2, IG4-TOUS"
Software Design,CM,XA1S710C,17/09/2025 14:30,2025-09-17,14:30:00,mercredi,Ingé Informatique 4ème année,DaMS4,,22206118,"IG4-TD1, IG4-TP1, IG4-TOUS"
Anglais S7,TD,XA1S735C,25/11/2025 08:00,2025-11-25,08:00:00,mardi,Ingé Informatique 4ème année,DaMS4,G1,22206118,"IG4-TD1, IG4-TP1, IG4-TOUS"
IWA Ingénierie des Applications Web 2,TD,XAIG900C,19/11/2025 08:00,2025-11-19,08:00:00,mercredi,Ingé Informatique 5ème année,DaMS5,Opt1,22103475,"IG5-TOUS, IG5-Option 1 - SD"
GSI Gouvernance des SI,CM/CMTD,XAIG910C,19/11/2025 14:00,2025-11-19,14:00:00,mercredi,Ingé Informatique 5ème année,DaMS5,,22103475,"IG5-TOUS, IG5-Option 1 - SD"
IWA Ingénierie des Applications Web 2,TD,XAIG900C,21/11/2025 14:00,2025-11-21,14:00:00,vendredi,Ingé Informatique 5ème année,DaMS5,Opt1,22103475,"IG5-TOUS, IG5-Option 1 - SD"
IWA Ingénierie des Applications Web 2,CMTD,XAIG900C,19/09/2025 11:30,2025-09-19,11:30:00,vendredi,Ingé Informatique 5ème année,DaMS5,Opt2,22103721,"IG5-TOUS, IG5-Option 2 - SECU"
DI droit des nouvelles techno,CM,XAIG924C,29/09/2025 14:00,2025-09-29,14:00:00,lundi,Ingé Informatique 5ème année,DaMS5,,22103721,"IG5-TOUS, IG5-Option 2 - SECU"
DI droit des nouvelles techno,CM,XAIG924C,29/09/2025 15:45,2025-09-29,15:45:00,lundi,Ingé Informatique 5ème année,DaMS5,,22103721,"IG5-TOUS, IG5-Option 2 - SECU"
IWA Ingénierie des Applications Web 2,CMTD,XAIG900C,01/10/2025 09:45,2025-10-01,09:45:00,mercredi,Ingé Informatique 5ème année,DaMS5,Opt2,22103721,"IG5-TOUS, IG5-Option 2 - SECU"
DI droit des nouvelles techno,CM,XAIG924C,13/10/2025 14:00,2025-10-13,14:00:00,lundi,Ingé Informatique 5ème année,DaMS5,,22103721,"IG5-TOUS, IG5-Option 2 - SECU"
DI droit des nouvelles techno,CM,XAIG924C,13/10/2025 15:45,2025-10-13,15:45:00,lundi,Ingé Informatique 5ème année,DaMS5,,22103721,"IG5-TOUS, IG5-Option 2 - SECU"
WEB SEM,CMTD,XAIG915C,15/10/2025 08:00,2025-10-15,08:00:00,mercredi,Ingé Informatique 5ème année,DaMS5,Opt2,22103721,"IG5-TOUS, IG5-Option 2 - SECU"
O2 Cryptographie,CM/CMTD,XAIG94C,20/10/2025 08:00,2025-10-20,08:00:00,lundi,Ingé Informatique 5ème année,DaMS5,,22103721,"IG5-TOUS, IG5-Option 2 - SECU"
O2 Cryptographie,CM/CMTD,XAIG94C,21/10/2025 08:00,2025-10-21,08:00:00,mardi,Ingé Informatique 5ème année,DaMS5,,22103721,"IG5-TOUS, IG5-Option 2 - SECU"
IWA Ingénierie des Applications Web 2,CMTD,XAIG900C,12/11/2025 09:45,2025-11-12,09:45:00,mercredi,Ingé Informatique 5ème année,DaMS5,Opt2,22103721,"IG5-TOUS, IG5-Option 2 - SECU"
WEB SEM,CMTD,XAIG915C,13/11/2025 11:15,2025-11-13,11:15:00,jeudi,Ingé Informatique 5ème année,DaMS5,Opt2,22103721,"IG5-TOUS, IG5-Option 2 - SECU"
GP Gestion projets SCM,TD,XAIG903C,14/11/2025 14:00,2025-11-14,14:00:00,vendredi,Ingé Informatique 5ème année,DaMS5,Opt2,22103721,"IG5-TOUS, IG5-Option 2 - SECU"
IWA Ingénierie des Applications Web 2,TD,XAIG900C,14/11/2025 15:45,2025-11-14,15:45:00,vendredi,Ingé Informatique 5ème année,DaMS5,Opt2,22103721,"IG5-TOUS, IG5-Option 2 - SECU"
WEB SEM,CMTD,XAIG915C,17/11/2025 09:45,2025-11-17,09:45:00,lundi,Ingé Informatique 5ème année,DaMS5,Opt2,22103721,"IG5-TOUS, IG5-Option 2 - SECU"
IWA Ingénierie des Applications Web 2,TD,XAIG900C,19/11/2025 09:45,2025-11-19,09:45:00,mercredi,Ingé Informatique 5ème année,DaMS5,Opt2,22103721,"IG5-TOUS, IG5-Option 2 - SECU"
GSI Gouvernance des SI,CM/CMTD,XAIG910C,19/11/2025 15:45,2025-11-19,15:45:00,mercredi,Ingé Informatique 5ème année,DaMS5,,22103721,"IG5-TOUS, IG5-Option 2 - SECU"
Softskills,CMTD,XAIG923C,01/12/2025 08:45,2025-12-01,08:45:00,lundi,Ingé Informatique 5ème année,DaMS5,Opt2,22103721,"IG5-TOUS, IG5-Option 2 - SECU"
O2 Cryptographie,CM/CMTD,XAIG94C,21/10/2025 08:00,2025-10-21,08:00:00,mardi,Ingé Informatique 5ème année,DaMS5,,22314949,"IG5-TOUS, IG5-Option 2 - SECU"
WEB SEM,CMTD,XAIG915C,17/11/2025 09:45,2025-11-17,09:45:00,lundi,Ingé Informatique 5ème année,DaMS5,Opt2,22314949,"IG5-TOUS, IG5-Option 2 - SECU"
IWA Ingénierie des Applications Web 2,TD,XAIG900C,21/11/2025 14:00,2025-11-21,14:00:00,vendredi,Ingé Informatique 5ème année,DaMS5,Opt1,22314558,"IG5-TOUS, IG5-Option 1 - SD"
Intro quantique groupe 1,TD,XAIG904C,25/11/2025 15:45,2025-11-25,15:45:00,mardi,Ingé Informatique 5ème année,DaMS5,,22314558,"IG5-TOUS, IG5-Option 1 - SD"
IWA Ingénierie des Applications Web 2,CMTD,XAIG900C,01/10/2025 08:00,2025-10-01,08:00:00,mercredi,Ingé Informatique 5ème année,DaMS5,Opt1,22004619,"IG5-TOUS, IG5-Option 1 - SD"
WEB SEM,CMTD,XAIG915C,24/10/2025 11:30,2025-10-24,11:30:00,vendredi,Ingé Informatique 5ème année,DaMS5,Opt1,22004619,"IG5-TOUS, IG5-Option 1 - SD"
IWA Ingénierie des Applications Web 2,CMTD,XAIG900C,12/11/2025 08:00,2025-11-12,08:00:00,mercredi,Ingé Informatique 5ème année,DaMS5,Opt1,22004619,"IG5-TOUS, IG5-Option 1 - SD"
WEB SEM,CMTD,XAIG915C,13/11/2025 09:45,2025-11-13,09:45:00,jeudi,Ingé Informatique 5ème année,DaMS5,Opt1,22004619,"IG5-TOUS, IG5-Option 1 - SD"
IWA Ingénierie des Applications Web 2,TD,XAIG900C,19/11/2025 08:00,2025-11-19,08:00:00,mercredi,Ingé Informatique 5ème année,DaMS5,Opt1,22004619,"IG5-TOUS, IG5-Option 1 - SD"
IWA Ingénierie des Applications Web 2,TD,XAIG900C,21/11/2025 14:00,2025-11-21,14:00:00,vendredi,Ingé Informatique 5ème année,DaMS5,Opt1,22004619,"IG5-TOUS, IG5-Option 1 - SD"
IWA Ingénierie des Applications Web 2,TD,XAIG900C,26/11/2025 08:00,2025-11-26,08:00:00,mercredi,Ingé Informatique 5ème année,DaMS5,Opt1,22004619,"IG5-TOUS, IG5-Option 1 - SD"
Gestion projet  TDD BDD...,CM,XAIG903C,26/11/2025 11:30,2025-11-26,11:30:00,mercredi,Ingé Informatique 5ème année,DaMS5,,22004619,"IG5-TOUS, IG5-Option 1 - SD"
Softskills,CMTD,XAIG923C,02/12/2025 14:00,2025-12-02,14:00:00,mardi,Ingé Informatique 5ème année,DaMS5,Opt1,22004619,"IG5-TOUS, IG5-Option 1 - SD"
Softskills,CMTD,XAIG923C,02/12/2025 15:45,2025-12-02,15:45:00,mardi,Ingé Informatique 5ème année,DaMS5,Opt1,22004619,"IG5-TOUS, IG5-Option 1 - SD"
Softskills,CMTD,XAIG923C,03/12/2025 09:45,2025-12-03,09:45:00,mercredi,Ingé Informatique 5ème année,DaMS5,Opt1,22004619,"IG5-TOUS, IG5-Option 1 - SD"
WEB SEM,CMTD,XAIG915C,24/10/2025 11:30,2025-10-24,11:30:00,vendredi,Ingé Informatique 5ème année,DaMS5,Opt1,22110061,"IG5-TOUS, IG5-Option 1 - SD"
WEB SEM,CMTD,XAIG915C,05/11/2025 15:45,2025-11-05,15:45:00,mercredi,Ingé Informatique 5ème année,DaMS5,Opt1,22110061,"IG5-TOUS, IG5-Option 1 - SD"
IWA Ingénierie des Applications Web 2,TD,XAIG900C,24/11/2025 09:45,2025-11-24,09:45:00,lundi,Ingé Informatique 5ème année,DaMS5,Opt1,22110061,"IG5-TOUS, IG5-Option 1 - SD"
WEB SEM,CMTD,XAIG915C,24/11/2025 11:30,2025-11-24,11:30:00,lundi,Ingé Informatique 5ème année,DaMS5,Opt1,22110061,"IG5-TOUS, IG5-Option 1 - SD"
Softskills,CMTD,XAIG923C,02/12/2025 14:00,2025-12-02,14:00:00,mardi,Ingé Informatique 5ème année,DaMS5,Opt1,22110061,"IG5-TOUS, IG5-Option 1 - SD"
Softskills,CMTD,XAIG923C,02/12/2025 15:45,2025-12-02,15:45:00,mardi,Ingé Informatique 5ème année,DaMS5,Opt1,22110061,"IG5-TOUS, IG5-Option 1 - SD"
DI droit des nouvelles techno,CM,XAIG924C,29/09/2025 14:00,2025-09-29,14:00:00,lundi,Ingé Informatique 5ème année,DaMS5,,22210011,"IG5-TOUS, IG5-Option 2 - SECU"
DI droit des nouvelles techno,CM,XAIG924C,29/09/2025 15:45,2025-09-29,15:45:00,lundi,Ingé Informatique 5ème année,DaMS5,,22210011,"IG5-TOUS, IG5-Option 2 - SECU"
DI droit des nouvelles techno,CM,XAIG924C,13/10/2025 14:00,2025-10-13,14:00:00,lundi,Ingé Informatique 5ème année,DaMS5,,22210011,"IG5-TOUS, IG5-Option 2 - SECU"
DI droit des nouvelles techno,CM,XAIG924C,13/10/2025 15:45,2025-10-13,15:45:00,lundi,Ingé Informatique 5ème année,DaMS5,,22210011,"IG5-TOUS, IG5-Option 2 - SECU"
O2 Cryptographie,CM/CMTD,XAIG94C,20/10/2025 08:00,2025-10-20,08:00:00,lundi,Ingé Informatique 5ème année,DaMS5,,22210011,"IG5-TOUS, IG5-Option 2 - SECU"
DI EXAMEN Droit de l'informatique nouvelles techno,CM/CMTD,XAIG924C,23/10/2025 09:45,2025-10-23,09:45:00,jeudi,Ingé Informatique 5ème année,DaMS5,,22210011,"IG5-TOUS, IG5-Option 2 - SECU"
WEB SEM,CMTD,XAIG915C,13/11/2025 11:15,2025-11-13,11:15:00,jeudi,Ingé Informatique 5ème année,DaMS5,Opt2,22210011,"IG5-TOUS, IG5-Option 2 - SECU"
Softskills,CMTD,XAIG923C,01/12/2025 08:45,2025-12-01,08:45:00,lundi,Ingé Informatique 5ème année,DaMS5,Opt2,22210011,"IG5-TOUS, IG5-Option 2 - SECU"
WEB SEM,CMTD,XAIG915C,24/10/2025 09:45,2025-10-24,09:45:00,vendredi,Ingé Informatique 5ème année,DaMS5,Opt2,22000838,"IG5-TOUS, IG5-Option 2 - SECU"
IWA Ingénierie des Applications Web 2,TD,XAIG900C,19/11/2025 09:45,2025-11-19,09:45:00,mercredi,Ingé Informatique 5ème année,DaMS5,Opt2,22000838,"IG5-TOUS, IG5-Option 2 - SECU"
GSI Gouvernance des SI,CM/CMTD,XAIG910C,19/11/2025 15:45,2025-11-19,15:45:00,mercredi,Ingé Informatique 5ème année,DaMS5,,22000838,"IG5-TOUS, IG5-Option 2 - SECU"
IWA Ingénierie des Applications Web 2,TD,XAIG900C,21/11/2025 15:45,2025-11-21,15:45:00,vendredi,Ingé Informatique 5ème année,DaMS5,Opt2,22000838,"IG5-TOUS, IG5-Option 2 - SECU"
IWA Ingénierie des Applications Web 2,CMTD,XAIG900C,03/11/2025 09:45,2025-11-03,09:45:00,lundi,Ingé Informatique 5ème année,DaMS5,Opt1,22213710,"IG5-TOUS, IG5-Option 1 - SD"
IWA Ingénierie des Applications Web 2,CMTD,XAIG900C,12/11/2025 08:00,2025-11-12,08:00:00,mercredi,Ingé Informatique 5ème année,DaMS5,Opt1,22213710,"IG5-TOUS, IG5-Option 1 - SD"
IWA Ingénierie des Applications Web 2,TD,XAIG900C,14/11/2025 14:00,2025-11-14,14:00:00,vendredi,Ingé Informatique 5ème année,DaMS5,Opt1,22213710,"IG5-TOUS, IG5-Option 1 - SD"
GP Gestion projets SCM,TD,XAIG903C,14/11/2025 15:45,2025-11-14,15:45:00,vendredi,Ingé Informatique 5ème année,DaMS5,Opt1,22213710,"IG5-TOUS, IG5-Option 1 - SD"
IWA Ingénierie des Applications Web 2,TD,XAIG900C,19/11/2025 08:00,2025-11-19,08:00:00,mercredi,Ingé Informatique 5ème année,DaMS5,Opt1,22213710,"IG5-TOUS, IG5-Option 1 - SD"
IWA Ingénierie des Applications Web 2,TD,XAIG900C,21/11/2025 14:00,2025-11-21,14:00:00,vendredi,Ingé Informatique 5ème année,DaMS5,Opt1,22213710,"IG5-TOUS, IG5-Option 1 - SD"
IWA Ingénierie des Applications Web 2,TD,XAIG900C,26/11/2025 08:00,2025-11-26,08:00:00,mercredi,Ingé Informatique 5ème année,DaMS5,Opt1,22213710,"IG5-TOUS, IG5-Option 1 - SD"
Gestion projet  TDD BDD...,CM,XAIG903C,26/11/2025 11:30,2025-11-26,11:30:00,mercredi,Ingé Informatique 5ème année,DaMS5,,22213710,"IG5-TOUS, IG5-Option 1 - SD"
WEB SEM,CMTD,XAIG915C,24/10/2025 09:45,2025-10-24,09:45:00,vendredi,Ingé Informatique 5ème année,DaMS5,Opt2,22313961,"IG5-TOUS, IG5-Option 2 - SECU"
IWA Ingénierie des Applications Web 2,TD,XAIG900C,19/11/2025 09:45,2025-11-19,09:45:00,mercredi,Ingé Informatique 5ème année,DaMS5,Opt2,22313961,"IG5-TOUS, IG5-Option 2 - SECU"
IWA Ingénierie des Applications Web 2,TD,XAIG900C,21/11/2025 15:45,2025-11-21,15:45:00,vendredi,Ingé Informatique 5ème année,DaMS5,Opt2,22313961,"IG5-TOUS, IG5-Option 2 - SECU"
IWA Ingénierie des Applications Web 2,CMTD,XAIG900C,01/10/2025 08:00,2025-10-01,08:00:00,mercredi,Ingé Informatique 5ème année,DaMS5,Opt1,22100205,"IG5-TOUS, IG5-Option 1 - SD"
WEB SEM,CMTD,XAIG915C,13/11/2025 09:45,2025-11-13,09:45:00,jeudi,Ingé Informatique 5ème année,DaMS5,Opt1,22100205,"IG5-TOUS, IG5-Option 1 - SD"
IWA Ingénierie des Applications Web 2,TD,XAIG900C,21/11/2025 14:00,2025-11-21,14:00:00,vendredi,Ingé Informatique 5ème année,DaMS5,Opt1,22100205,"IG5-TOUS, IG5-Option 1 - SD"
IWA Ingénierie des Applications Web 2,TD,XAIG900C,26/11/2025 08:00,2025-11-26,08:00:00,mercredi,Ingé Informatique 5ème année,DaMS5,Opt1,22100205,"IG5-TOUS, IG5-Option 1 - SD"
Softskills,CMTD,XAIG923C,02/12/2025 14:00,2025-12-02,14:00:00,mardi,Ingé Informatique 5ème année,DaMS5,Opt1,22100205,"IG5-TOUS, IG5-Option 1 - SD"
Softskills,CMTD,XAIG923C,02/12/2025 15:45,2025-12-02,15:45:00,mardi,Ingé Informatique 5ème année,DaMS5,Opt1,22100205,"IG5-TOUS, IG5-Option 1 - SD"
Softskills,CMTD,XAIG923C,03/12/2025 09:45,2025-12-03,09:45:00,mercredi,Ingé Informatique 5ème année,DaMS5,Opt1,22100205,"IG5-TOUS, IG5-Option 1 - SD"
Softskills,CMTD,XAIG923C,03/12/2025 11:30,2025-12-03,11:30:00,mercredi,Ingé Informatique 5ème année,DaMS5,Opt1,22100205,"IG5-TOUS, IG5-Option 1 - SD"
WEB SEM,CMTD,XAIG915C,24/10/2025 11:30,2025-10-24,11:30:00,vendredi,Ingé Informatique 5ème année,DaMS5,Opt1,22008608,"IG5-TOUS, IG5-Option 1 - SD"
IWA Ingénierie des Applications Web 2,TD,XAIG900C,19/11/2025 08:00,2025-11-19,08:00:00,mercredi,Ingé Informatique 5ème année,DaMS5,Opt1,22008608,"IG5-TOUS, IG5-Option 1 - SD"
GSI Gouvernance des SI,CM/CMTD,XAIG910C,19/11/2025 14:00,2025-11-19,14:00:00,mercredi,Ingé Informatique 5ème année,DaMS5,,22008608,"IG5-TOUS, IG5-Option 1 - SD"
IWA Ingénierie des Applications Web 2,TD,XAIG900C,21/11/2025 14:00,2025-11-21,14:00:00,vendredi,Ingé Informatique 5ème année,DaMS5,Opt1,22008608,"IG5-TOUS, IG5-Option 1 - SD"
SSI Sécurité des Systèmes d'Information-crypto,CM/CMTD,XAIG912C,17/09/2025 15:45,2025-09-17,15:45:00,mercredi,Ingé Informatique 5ème année,DaMS5,,22315332,"IG5-TOUS, IG5-Option 1 - SD"
IWA Ingénierie des Applications Web 2,TD,XAIG900C,23/09/2025 09:45,2025-09-23,09:45:00,mardi,Ingé Informatique 5ème année,DaMS5,Opt1,22315332,"IG5-TOUS, IG5-Option 1 - SD"
WEB SEM,CMTD,XAIG915C,24/10/2025 11:30,2025-10-24,11:30:00,vendredi,Ingé Informatique 5ème année,DaMS5,Opt1,22315332,"IG5-TOUS, IG5-Option 1 - SD"
WEB SEM,CMTD,XAIG915C,05/11/2025 15:45,2025-11-05,15:45:00,mercredi,Ingé Informatique 5ème année,DaMS5,Opt1,22315332,"IG5-TOUS, IG5-Option 1 - SD"
IWA Ingénierie des Applications Web 2,CMTD,XAIG900C,12/11/2025 08:00,2025-11-12,08:00:00,mercredi,Ingé Informatique 5ème année,DaMS5,Opt1,22315332,"IG5-TOUS, IG5-Option 1 - SD"
IWA Ingénierie des Applications Web 2,TD,XAIG900C,14/11/2025 14:00,2025-11-14,14:00:00,vendredi,Ingé Informatique 5ème année,DaMS5,Opt1,22315332,"IG5-TOUS, IG5-Option 1 - SD"
IWA Ingénierie des Applications Web 2,CMTD,XAIG900C,17/11/2025 09:45,2025-11-17,09:45:00,lundi,Ingé Informatique 5ème année,DaMS5,Opt1,22315332,"IG5-TOUS, IG5-Option 1 - SD"
IWA Ingénierie des Applications Web 2,TD,XAIG900C,26/11/2025 08:00,2025-11-26,08:00:00,mercredi,Ingé Informatique 5ème année,DaMS5,Opt1,22315332,"IG5-TOUS, IG5-Option 1 - SD"
Gestion projet  TDD BDD...,CM,XAIG903C,26/11/2025 11:30,2025-11-26,11:30:00,mercredi,Ingé Informatique 5ème année,DaMS5,,22315332,"IG5-TOUS, IG5-Option 1 - SD"
DI droit des nouvelles techno,CM,XAIG924C,20/10/2025 14:00,2025-10-20,14:00:00,lundi,Ingé Informatique 5ème année,DaMS5,,22314899,"IG5-TOUS, IG5-Option 2 - SECU"
O2 Cryptographie,CM/CMTD,XAIG94C,21/10/2025 08:00,2025-10-21,08:00:00,mardi,Ingé Informatique 5ème année,DaMS5,,22314899,"IG5-TOUS, IG5-Option 2 - SECU"
IWA Ingénierie des Applications Web 2,CMTD,XAIG900C,17/11/2025 11:30,2025-11-17,11:30:00,lundi,Ingé Informatique 5ème année,DaMS5,Opt2,22314899,"IG5-TOUS, IG5-Option 2 - SECU"
IWA Ingénierie des Applications Web 2,CMTD,XAIG900C,01/10/2025 09:45,2025-10-01,09:45:00,mercredi,Ingé Informatique 5ème année,DaMS5,Opt2,22307368,"IG5-TOUS, IG5-Option 2 - SECU"
GP Gestion projets SCM,TD,XAIG903C,14/11/2025 14:00,2025-11-14,14:00:00,vendredi,Ingé Informatique 5ème année,DaMS5,Opt2,22307368,"IG5-TOUS, IG5-Option 2 - SECU"
IWA Ingénierie des Applications Web 2,TD,XAIG900C,14/11/2025 15:45,2025-11-14,15:45:00,vendredi,Ingé Informatique 5ème année,DaMS5,Opt2,22307368,"IG5-TOUS, IG5-Option 2 - SECU"
DI droit des nouvelles techno,CM,XAIG924C,29/09/2025 14:00,2025-09-29,14:00:00,lundi,Ingé Informatique 5ème année,DaMS5,,22214979,"IG5-TOUS, IG5-Option 2 - SECU"
DI droit des nouvelles techno,CM,XAIG924C,29/09/2025 15:45,2025-09-29,15:45:00,lundi,Ingé Informatique 5ème année,DaMS5,,22214979,"IG5-TOUS, IG5-Option 2 - SECU"
DI droit des nouvelles techno,CM,XAIG924C,13/10/2025 14:00,2025-10-13,14:00:00,lundi,Ingé Informatique 5ème année,DaMS5,,22214979,"IG5-TOUS, IG5-Option 2 - SECU"
DI droit des nouvelles techno,CM,XAIG924C,13/10/2025 15:45,2025-10-13,15:45:00,lundi,Ingé Informatique 5ème année,DaMS5,,22214979,"IG5-TOUS, IG5-Option 2 - SECU"
WEB SEM,CMTD,XAIG915C,24/10/2025 11:30,2025-10-24,11:30:00,vendredi,Ingé Informatique 5ème année,DaMS5,Opt1,22311131,"IG5-TOUS, IG5-Option 1 - SD"
IWA Ingénierie des Applications Web 2,TD,XAIG900C,19/11/2025 08:00,2025-11-19,08:00:00,mercredi,Ingé Informatique 5ème année,DaMS5,Opt1,22311131,"IG5-TOUS, IG5-Option 1 - SD"
IWA Ingénierie des Applications Web 2,CMTD,XAIG900C,01/10/2025 09:45,2025-10-01,09:45:00,mercredi,Ingé Informatique 5ème année,DaMS5,Opt2,22314124,"IG5-TOUS, IG5-Option 2 - SECU"
WEB SEM,CMTD,XAIG915C,24/10/2025 09:45,2025-10-24,09:45:00,vendredi,Ingé Informatique 5ème année,DaMS5,Opt2,22314124,"IG5-TOUS, IG5-Option 2 - SECU"
IWA Ingénierie des Applications Web 2,CMTD,XAIG900C,12/11/2025 09:45,2025-11-12,09:45:00,mercredi,Ingé Informatique 5ème année,DaMS5,Opt2,22314124,"IG5-TOUS, IG5-Option 2 - SECU"
IWA Ingénierie des Applications Web 2,TD,XAIG900C,14/11/2025 15:45,2025-11-14,15:45:00,vendredi,Ingé Informatique 5ème année,DaMS5,Opt2,22314124,"IG5-TOUS, IG5-Option 2 - SECU"
IWA Ingénierie des Applications Web 2,TD,XAIG900C,19/11/2025 09:45,2025-11-19,09:45:00,mercredi,Ingé Informatique 5ème année,DaMS5,Opt2,22314124,"IG5-TOUS, IG5-Option 2 - SECU"
GSI Gouvernance des SI,CM/CMTD,XAIG910C,19/11/2025 15:45,2025-11-19,15:45:00,mercredi,Ingé Informatique 5ème année,DaMS5,,22314124,"IG5-TOUS, IG5-Option 2 - SECU"
IWA Ingénierie des Applications Web 2,TD,XAIG900C,21/11/2025 15:45,2025-11-21,15:45:00,vendredi,Ingé Informatique 5ème année,DaMS5,Opt2,22314124,"IG5-TOUS, IG5-Option 2 - SECU"
IWA Ingénierie des Applications Web 2,TD,XAIG900C,23/09/2025 09:45,2025-09-23,09:45:00,mardi,Ingé Informatique 5ème année,DaMS5,Opt1,22103345,"IG5-TOUS, IG5-Option 1 - SD"
WEB SEM,CMTD,XAIG915C,24/10/2025 11:30,2025-10-24,11:30:00,vendredi,Ingé Informatique 5ème année,DaMS5,Opt1,22103345,"IG5-TOUS, IG5-Option 1 - SD"
WEB SEM,CMTD,XAIG915C,05/11/2025 15:45,2025-11-05,15:45:00,mercredi,Ingé Informatique 5ème année,DaMS5,Opt1,22103345,"IG5-TOUS, IG5-Option 1 - SD"
Intro quantique groupe 1,TD,XAIG904C,25/11/2025 15:45,2025-11-25,15:45:00,mardi,Ingé Informatique 5ème année,DaMS5,,22103345,"IG5-TOUS, IG5-Option 1 - SD"
IWA Ingénierie des Applications Web 2,CMTD,XAIG900C,19/09/2025 14:00,2025-09-19,14:00:00,vendredi,Ingé Informatique 5ème année,DaMS5,Opt1,21907395,"IG5-TOUS, IG5-Option 1 - SD"
IWA Ingénierie des Applications Web 2,TD,XAIG900C,23/09/2025 09:45,2025-09-23,09:45:00,mardi,Ingé Informatique 5ème année,DaMS5,Opt1,21907395,"IG5-TOUS, IG5-Option 1 - SD"
DI droit des nouvelles techno,CM,XAIG924C,29/09/2025 14:00,2025-09-29,14:00:00,lundi,Ingé Informatique 5ème année,DaMS5,,21907395,"IG5-TOUS, IG5-Option 1 - SD"
DI droit des nouvelles techno,CM,XAIG924C,29/09/2025 15:45,2025-09-29,15:45:00,lundi,Ingé Informatique 5ème année,DaMS5,,21907395,"IG5-TOUS, IG5-Option 1 - SD"
IWA Ingénierie des Applications Web 2,CMTD,XAIG900C,01/10/2025 08:00,2025-10-01,08:00:00,mercredi,Ingé Informatique 5ème année,DaMS5,Opt1,21907395,"IG5-TOUS, IG5-Option 1 - SD"
DI droit des nouvelles techno,CM,XAIG924C,14/10/2025 14:00,2025-10-14,14:00:00,mardi,Ingé Informatique 5ème année,DaMS5,,21907395,"IG5-TOUS, IG5-Option 1 - SD"
DI droit des nouvelles techno,CM,XAIG924C,14/10/2025 15:45,2025-10-14,15:45:00,mardi,Ingé Informatique 5ème année,DaMS5,,21907395,"IG5-TOUS, IG5-Option 1 - SD"
WEB SEM,CMTD,XAIG915C,15/10/2025 09:45,2025-10-15,09:45:00,mercredi,Ingé Informatique 5ème année,DaMS5,Opt1,21907395,"IG5-TOUS, IG5-Option 1 - SD"
ID Introduction au Droit,CM/CMTD,XAIG925C,17/10/2025 09:45,2025-10-17,09:45:00,vendredi,Ingé Informatique 5ème année,DaMS5,,21907395,"IG5-TOUS, IG5-Option 1 - SD"
DI droit des nouvelles techno,CM,XAIG924C,20/10/2025 14:00,2025-10-20,14:00:00,lundi,Ingé Informatique 5ème année,DaMS5,,21907395,"IG5-TOUS, IG5-Option 1 - SD"
WEB SEM,CMTD,XAIG915C,24/10/2025 11:30,2025-10-24,11:30:00,vendredi,Ingé Informatique 5ème année,DaMS5,Opt1,21907395,"IG5-TOUS, IG5-Option 1 - SD"
IWA Ingénierie des Applications Web 2,CMTD,XAIG900C,12/11/2025 08:00,2025-11-12,08:00:00,mercredi,Ingé Informatique 5ème année,DaMS5,Opt1,21907395,"IG5-TOUS, IG5-Option 1 - SD"
WEB SEM,CMTD,XAIG915C,13/11/2025 09:45,2025-11-13,09:45:00,jeudi,Ingé Informatique 5ème année,DaMS5,Opt1,21907395,"IG5-TOUS, IG5-Option 1 - SD"
IWA Ingénierie des Applications Web 2,TD,XAIG900C,19/11/2025 08:00,2025-11-19,08:00:00,mercredi,Ingé Informatique 5ème année,DaMS5,Opt1,21907395,"IG5-TOUS, IG5-Option 1 - SD"
IWA Ingénierie des Applications Web 2,TD,XAIG900C,21/11/2025 14:00,2025-11-21,14:00:00,vendredi,Ingé Informatique 5ème année,DaMS5,Opt1,21907395,"IG5-TOUS, IG5-Option 1 - SD"
IWA Ingénierie des Applications Web 2,TD,XAIG900C,26/11/2025 08:00,2025-11-26,08:00:00,mercredi,Ingé Informatique 5ème année,DaMS5,Opt1,21907395,"IG5-TOUS, IG5-Option 1 - SD"
Gestion projet  TDD BDD...,CM,XAIG903C,26/11/2025 11:30,2025-11-26,11:30:00,mercredi,Ingé Informatique 5ème année,DaMS5,,21907395,"IG5-TOUS, IG5-Option 1 - SD"
Softskills,CMTD,XAIG923C,02/12/2025 14:00,2025-12-02,14:00:00,mardi,Ingé Informatique 5ème année,DaMS5,Opt1,21907395,"IG5-TOUS, IG5-Option 1 - SD"
Softskills,CMTD,XAIG923C,02/12/2025 15:45,2025-12-02,15:45:00,mardi,Ingé Informatique 5ème année,DaMS5,Opt1,21907395,"IG5-TOUS, IG5-Option 1 - SD"
Softskills,CMTD,XAIG923C,03/12/2025 09:45,2025-12-03,09:45:00,mercredi,Ingé Informatique 5ème année,DaMS5,Opt1,21907395,"IG5-TOUS, IG5-Option 1 - SD"
WEB SEM,CMTD,XAIG915C,05/11/2025 15:45,2025-11-05,15:45:00,mercredi,Ingé Informatique 5ème année,DaMS5,Opt1,22111311,"IG5-TOUS, IG5-Option 1 - SD"
Softskills,CMTD,XAIG923C,02/12/2025 14:00,2025-12-02,14:00:00,mardi,Ingé Informatique 5ème année,DaMS5,Opt1,22111311,"IG5-TOUS, IG5-Option 1 - SD"
Softskills,CMTD,XAIG923C,02/12/2025 15:45,2025-12-02,15:45:00,mardi,Ingé Informatique 5ème année,DaMS5,Opt1,22111311,"IG5-TOUS, IG5-Option 1 - SD"
IWA Ingénierie des Applications Web 2,CMTD,XAIG900C,25/09/2025 09:45,2025-09-25,09:45:00,jeudi,Ingé Informatique 5ème année,DaMS5,Opt2,22105820,"IG5-TOUS, IG5-Option 2 - SECU"
O2 Cryptographie,CM/CMTD,XAIG94C,26/09/2025 08:00,2025-09-26,08:00:00,vendredi,Ingé Informatique 5ème année,DaMS5,,22105820,"IG5-TOUS, IG5-Option 2 - SECU"
DI droit des nouvelles techno,CM,XAIG924C,29/09/2025 14:00,2025-09-29,14:00:00,lundi,Ingé Informatique 5ème année,DaMS5,,22105820,"IG5-TOUS, IG5-Option 2 - SECU"
DI droit des nouvelles techno,CM,XAIG924C,29/09/2025 15:45,2025-09-29,15:45:00,lundi,Ingé Informatique 5ème année,DaMS5,,22105820,"IG5-TOUS, IG5-Option 2 - SECU"
DI droit des nouvelles techno,CM,XAIG924C,13/10/2025 14:00,2025-10-13,14:00:00,lundi,Ingé Informatique 5ème année,DaMS5,,22105820,"IG5-TOUS, IG5-Option 2 - SECU"
DI droit des nouvelles techno,CM,XAIG924C,20/10/2025 14:00,2025-10-20,14:00:00,lundi,Ingé Informatique 5ème année,DaMS5,,22105820,"IG5-TOUS, IG5-Option 2 - SECU"
O2 Cryptographie,CM/CMTD,XAIG94C,21/10/2025 08:00,2025-10-21,08:00:00,mardi,Ingé Informatique 5ème année,DaMS5,,22105820,"IG5-TOUS, IG5-Option 2 - SECU"
WEB SEM,CMTD,XAIG915C,05/11/2025 14:00,2025-11-05,14:00:00,mercredi,Ingé Informatique 5ème année,DaMS5,Opt2,22105820,"IG5-TOUS, IG5-Option 2 - SECU"
IWA Ingénierie des Applications Web 2,TD,XAIG900C,14/11/2025 15:45,2025-11-14,15:45:00,vendredi,Ingé Informatique 5ème année,DaMS5,Opt2,22105820,"IG5-TOUS, IG5-Option 2 - SECU"
IWA Ingénierie des Applications Web 2,TD,XAIG900C,21/11/2025 15:45,2025-11-21,15:45:00,vendredi,Ingé Informatique 5ème année,DaMS5,Opt2,22105820,"IG5-TOUS, IG5-Option 2 - SECU"
SSI Sécurité des Systèmes d'Information-crypto,CM/CMTD,XAIG912C,17/09/2025 15:45,2025-09-17,15:45:00,mercredi,Ingé Informatique 5ème année,DaMS5,,22415216,"IG5-TOUS, IG5-Option 1 - SD"
IWA Ingénierie des Applications Web 2,CMTD,XAIG900C,19/09/2025 14:00,2025-09-19,14:00:00,vendredi,Ingé Informatique 5ème année,DaMS5,Opt1,22415216,"IG5-TOUS, IG5-Option 1 - SD"
IWA Ingénierie des Applications Web 2,CMTD,XAIG900C,12/11/2025 08:00,2025-11-12,08:00:00,mercredi,Ingé Informatique 5ème année,DaMS5,Opt1,22415216,"IG5-TOUS, IG5-Option 1 - SD"
IWA Ingénierie des Applications Web 2,TD,XAIG900C,19/11/2025 08:00,2025-11-19,08:00:00,mercredi,Ingé Informatique 5ème année,DaMS5,Opt1,22415216,"IG5-TOUS, IG5-Option 1 - SD"
WEB SEM,CMTD,XAIG915C,05/11/2025 14:00,2025-11-05,14:00:00,mercredi,Ingé Informatique 5ème année,DaMS5,Opt2,22308428,"IG5-TOUS, IG5-Option 2 - SECU"
IWA Ingénierie des Applications Web 2,TD,XAIG900C,19/11/2025 09:45,2025-11-19,09:45:00,mercredi,Ingé Informatique 5ème année,DaMS5,Opt2,22308428,"IG5-TOUS, IG5-Option 2 - SECU"
IWA Ingénierie des Applications Web 2,TD,XAIG900C,26/11/2025 09:45,2025-11-26,09:45:00,mercredi,Ingé Informatique 5ème année,DaMS5,Opt2,22308428,"IG5-TOUS, IG5-Option 2 - SECU"
DI droit des nouvelles techno,CM,XAIG924C,29/09/2025 14:00,2025-09-29,14:00:00,lundi,Ingé Informatique 5ème année,DaMS5,,22100824,"IG5-TOUS, IG5-Option 2 - SECU"
DI droit des nouvelles techno,CM,XAIG924C,29/09/2025 15:45,2025-09-29,15:45:00,lundi,Ingé Informatique 5ème année,DaMS5,,22100824,"IG5-TOUS, IG5-Option 2 - SECU"
DI droit des nouvelles techno,CM,XAIG924C,13/10/2025 14:00,2025-10-13,14:00:00,lundi,Ingé Informatique 5ème année,DaMS5,,22100824,"IG5-TOUS, IG5-Option 2 - SECU"
DI droit des nouvelles techno,CM,XAIG924C,13/10/2025 15:45,2025-10-13,15:45:00,lundi,Ingé Informatique 5ème année,DaMS5,,22100824,"IG5-TOUS, IG5-Option 2 - SECU"
O2 Cryptographie,CM/CMTD,XAIG94C,20/10/2025 08:00,2025-10-20,08:00:00,lundi,Ingé Informatique 5ème année,DaMS5,,22100824,"IG5-TOUS, IG5-Option 2 - SECU"
O2 Cryptographie,CM/CMTD,XAIG94C,21/10/2025 08:00,2025-10-21,08:00:00,mardi,Ingé Informatique 5ème année,DaMS5,,22100824,"IG5-TOUS, IG5-Option 2 - SECU"
IWA Ingénierie des Applications Web 2,CMTD,XAIG900C,12/11/2025 09:45,2025-11-12,09:45:00,mercredi,Ingé Informatique 5ème année,DaMS5,Opt2,22100824,"IG5-TOUS, IG5-Option 2 - SECU"
GP Gestion projets SCM,TD,XAIG903C,14/11/2025 14:00,2025-11-14,14:00:00,vendredi,Ingé Informatique 5ème année,DaMS5,Opt2,22100824,"IG5-TOUS, IG5-Option 2 - SECU"
IWA Ingénierie des Applications Web 2,TD,XAIG900C,14/11/2025 15:45,2025-11-14,15:45:00,vendredi,Ingé Informatique 5ème année,DaMS5,Opt2,22100824,"IG5-TOUS, IG5-Option 2 - SECU"
WEB SEM,CMTD,XAIG915C,17/11/2025 09:45,2025-11-17,09:45:00,lundi,Ingé Informatique 5ème année,DaMS5,Opt2,22100824,"IG5-TOUS, IG5-Option 2 - SECU"
IWA Ingénierie des Applications Web 2,TD,XAIG900C,21/11/2025 15:45,2025-11-21,15:45:00,vendredi,Ingé Informatique 5ème année,DaMS5,Opt2,22100824,"IG5-TOUS, IG5-Option 2 - SECU"
Softskills,CMTD,XAIG923C,01/12/2025 08:45,2025-12-01,08:45:00,lundi,Ingé Informatique 5ème année,DaMS5,Opt2,22100824,"IG5-TOUS, IG5-Option 2 - SECU"
DI droit des nouvelles techno,CM,XAIG924C,20/10/2025 14:00,2025-10-20,14:00:00,lundi,Ingé Informatique 5ème année,DaMS5,,22100113,"IG5-TOUS, IG5-Option 2 - SECU"
IWA Ingénierie des Applications Web 2,CMTD,XAIG900C,17/11/2025 11:30,2025-11-17,11:30:00,lundi,Ingé Informatique 5ème année,DaMS5,Opt2,22100113,"IG5-TOUS, IG5-Option 2 - SECU"
IWA Ingénierie des Applications Web 2,TD,XAIG900C,19/11/2025 08:00,2025-11-19,08:00:00,mercredi,Ingé Informatique 5ème année,DaMS5,Opt1,22108900,"IG5-TOUS, IG5-Option 1 - SD"
IWA Ingénierie des Applications Web 2,TD,XAIG900C,26/11/2025 08:00,2025-11-26,08:00:00,mercredi,Ingé Informatique 5ème année,DaMS5,Opt1,22108900,"IG5-TOUS, IG5-Option 1 - SD"
Softskills,CMTD,XAIG923C,02/12/2025 14:00,2025-12-02,14:00:00,mardi,Ingé Informatique 5ème année,DaMS5,Opt1,22108900,"IG5-TOUS, IG5-Option 1 - SD"
Softskills,CMTD,XAIG923C,02/12/2025 15:45,2025-12-02,15:45:00,mardi,Ingé Informatique 5ème année,DaMS5,Opt1,22108900,"IG5-TOUS, IG5-Option 1 - SD"
Softskills,CMTD,XAIG923C,03/12/2025 09:45,2025-12-03,09:45:00,mercredi,Ingé Informatique 5ème année,DaMS5,Opt1,22108900,"IG5-TOUS, IG5-Option 1 - SD"
Softskills,CMTD,XAIG923C,03/12/2025 11:30,2025-12-03,11:30:00,mercredi,Ingé Informatique 5ème année,DaMS5,Opt1,22108900,"IG5-TOUS, IG5-Option 1 - SD"
DI droit des nouvelles techno,CM,XAIG924C,29/09/2025 14:00,2025-09-29,14:00:00,lundi,Ingé Informatique 5ème année,DaMS5,,22211439,"IG5-TOUS, IG5-Option 2 - SECU"
DI droit des nouvelles techno,CM,XAIG924C,29/09/2025 15:45,2025-09-29,15:45:00,lundi,Ingé Informatique 5ème année,DaMS5,,22211439,"IG5-TOUS, IG5-Option 2 - SECU"
DI droit des nouvelles techno,CM,XAIG924C,13/10/2025 14:00,2025-10-13,14:00:00,lundi,Ingé Informatique 5ème année,DaMS5,,22211439,"IG5-TOUS, IG5-Option 2 - SECU"
DI droit des nouvelles techno,CM,XAIG924C,13/10/2025 15:45,2025-10-13,15:45:00,lundi,Ingé Informatique 5ème année,DaMS5,,22211439,"IG5-TOUS, IG5-Option 2 - SECU"
IWA Ingénierie des Applications Web 2,TD,XAIG900C,14/11/2025 15:45,2025-11-14,15:45:00,vendredi,Ingé Informatique 5ème année,DaMS5,Opt2,22211439,"IG5-TOUS, IG5-Option 2 - SECU"
Softskills,CMTD,XAIG923C,01/12/2025 08:45,2025-12-01,08:45:00,lundi,Ingé Informatique 5ème année,DaMS5,Opt2,22211439,"IG5-TOUS, IG5-Option 2 - SECU"
WEB SEM,CMTD,XAIG915C,05/11/2025 15:45,2025-11-05,15:45:00,mercredi,Ingé Informatique 5ème année,DaMS5,Opt1,22315120,"IG5-TOUS, IG5-Option 1 - SD"
IWA Ingénierie des Applications Web 2,TD,XAIG900C,19/11/2025 08:00,2025-11-19,08:00:00,mercredi,Ingé Informatique 5ème année,DaMS5,Opt1,22315120,"IG5-TOUS, IG5-Option 1 - SD"
Softskills,CMTD,XAIG923C,02/12/2025 14:00,2025-12-02,14:00:00,mardi,Ingé Informatique 5ème année,DaMS5,Opt1,22315120,"IG5-TOUS, IG5-Option 1 - SD"
Softskills,CMTD,XAIG923C,02/12/2025 15:45,2025-12-02,15:45:00,mardi,Ingé Informatique 5ème année,DaMS5,Opt1,22315120,"IG5-TOUS, IG5-Option 1 - SD"
Softskills,CMTD,XAIG923C,03/12/2025 09:45,2025-12-03,09:45:00,mercredi,Ingé Informatique 5ème année,DaMS5,Opt1,22315120,"IG5-TOUS, IG5-Option 1 - SD"
Softskills,CMTD,XAIG923C,03/12/2025 11:30,2025-12-03,11:30:00,mercredi,Ingé Informatique 5ème année,DaMS5,Opt1,22315120,"IG5-TOUS, IG5-Option 1 - SD"
IWA Ingénierie des Applications Web 2,CMTD,XAIG900C,03/11/2025 09:45,2025-11-03,09:45:00,lundi,Ingé Informatique 5ème année,DaMS5,Opt1,22212018,"IG5-TOUS, IG5-Option 1 - SD"
IWA Ingénierie des Applications Web 2,TD,XAIG900C,05/11/2025 14:00,2025-11-05,14:00:00,mercredi,Ingé Informatique 5ème année,DaMS5,Opt1,22212018,"IG5-TOUS, IG5-Option 1 - SD"
IWA Ingénierie des Applications Web 2,CMTD,XAIG900C,10/11/2025 09:45,2025-11-10,09:45:00,lundi,Ingé Informatique 5ème année,DaMS5,Opt1,22212018,"IG5-TOUS, IG5-Option 1 - SD"
IWA Ingénierie des Applications Web 2,CMTD,XAIG900C,12/11/2025 08:00,2025-11-12,08:00:00,mercredi,Ingé Informatique 5ème année,DaMS5,Opt1,22212018,"IG5-TOUS, IG5-Option 1 - SD"
IWA Ingénierie des Applications Web 2,CMTD,XAIG900C,17/11/2025 09:45,2025-11-17,09:45:00,lundi,Ingé Informatique 5ème année,DaMS5,Opt1,22212018,"IG5-TOUS, IG5-Option 1 - SD"
Gestion projet  TDD BDD...,CM,XAIG903C,26/11/2025 11:30,2025-11-26,11:30:00,mercredi,Ingé Informatique 5ème année,DaMS5,,22212018,"IG5-TOUS, IG5-Option 1 - SD"
DI droit des nouvelles techno,CM,XAIG924C,14/10/2025 14:00,2025-10-14,14:00:00,mardi,Ingé Informatique 5ème année,DaMS5,,22313692,"IG5-TOUS, IG5-Option 1 - SD"
DI droit des nouvelles techno,CM,XAIG924C,14/10/2025 15:45,2025-10-14,15:45:00,mardi,Ingé Informatique 5ème année,DaMS5,,22313692,"IG5-TOUS, IG5-Option 1 - SD"
ID Introduction au Droit,CM/CMTD,XAIG925C,17/10/2025 09:45,2025-10-17,09:45:00,vendredi,Ingé Informatique 5ème année,DaMS5,,22313692,"IG5-TOUS, IG5-Option 1 - SD"
IWA Ingénierie des Applications Web 2,TD,XAIG900C,19/11/2025 08:00,2025-11-19,08:00:00,mercredi,Ingé Informatique 5ème année,DaMS5,Opt1,22313692,"IG5-TOUS, IG5-Option 1 - SD"
IWA Ingénierie des Applications Web 2,TD,XAIG900C,26/11/2025 08:00,2025-11-26,08:00:00,mercredi,Ingé Informatique 5ème année,DaMS5,Opt1,22313692,"IG5-TOUS, IG5-Option 1 - SD"
Softskills,CMTD,XAIG923C,02/12/2025 14:00,2025-12-02,14:00:00,mardi,Ingé Informatique 5ème année,DaMS5,Opt1,22313692,"IG5-TOUS, IG5-Option 1 - SD"
Softskills,CMTD,XAIG923C,02/12/2025 15:45,2025-12-02,15:45:00,mardi,Ingé Informatique 5ème année,DaMS5,Opt1,22313692,"IG5-TOUS, IG5-Option 1 - SD"
Anglais S7,TD,XA1S735C,09/09/2025 08:00,2025-09-09,08:00:00,mardi,Ingé Informatique Echange ou Convention,DaMS4,G1,22515236,"IG4-TD1, IG4-TP1, IG4-TOUS"
Anglais S7,TD,XA1S735C,09/09/2025 09:45,2025-09-09,09:45:00,mardi,Ingé Informatique Echange ou Convention,DaMS4,G1,22515236,"IG4-TD1, IG4-TP1, IG4-TOUS"
Anglais S7,TD,XA1S735C,23/09/2025 08:00,2025-09-23,08:00:00,mardi,Ingé Informatique Echange ou Convention,DaMS4,G1,22515236,"IG4-TD1, IG4-TP1, IG4-TOUS"
Anglais S7,TD,XA1S735C,23/09/2025 09:45,2025-09-23,09:45:00,mardi,Ingé Informatique Echange ou Convention,DaMS4,G1,22515236,"IG4-TD1, IG4-TP1, IG4-TOUS"
Anglais S7,TD,XA1S735C,30/09/2025 08:00,2025-09-30,08:00:00,mardi,Ingé Informatique Echange ou Convention,DaMS4,G1,22515236,"IG4-TD1, IG4-TP1, IG4-TOUS"
Anglais S7,TD,XA1S735C,30/09/2025 09:45,2025-09-30,09:45:00,mardi,Ingé Informatique Echange ou Convention,DaMS4,G1,22515236,"IG4-TD1, IG4-TP1, IG4-TOUS"
Entrepôts de données,TP,XA1S705C,03/12/2025 09:45,2025-12-03,09:45:00,mercredi,Ingé Informatique Echange ou Convention,DaMS4,G1,22515236,"IG4-TD1, IG4-TP1, IG4-TOUS"
Anglais S7,TD,XA1S735C,07/10/2025 08:00,2025-10-07,08:00:00,mardi,Ingé Informatique Echange ou Convention,DaMS4,G1,22515128,"IG4-TD1, IG4-TP1, IG4-TOUS"
Fond.du machine learning,CMTD,XA1S726C,27/11/2025 11:30,2025-11-27,11:30:00,jeudi,Ingé Informatique Echange ou Convention,DaMS4,G1,22515128,"IG4-TD1, IG4-TP1, IG4-TOUS"
Entrepôts de données,TP,XA1S705C,03/12/2025 09:45,2025-12-03,09:45:00,mercredi,Ingé Informatique Echange ou Convention,DaMS4,G1,22515128,"IG4-TD1, IG4-TP1, IG4-TOUS"