code_cours,type_cours,date_only,heure,jour_semaine,code_civilité,groupe_eleve,code_eleve
XA1S514C,CMTD,2025-10-24,08:00:00,vendredi,DaMS3,G2,22302569
XA1S506C,PROJ,2025-11-17,08:00:00,lundi,DaMS3,G2,22302569
XA1S506C,PROJ,2025-11-25,08:00:00,mardi,DaMS3,G1,22301636
XA1S504C,CMTD,2025-09-15,14:00:00,lundi,DaMS3,G1,22514917
XA1S523C,CMTD,2025-09-16,14:00:00,mardi,DaMS3,G1,22514917
XA1S523C,CMTD,2025-10-06,14:00:00,lundi,DaMS3,G1,22514917
XA1S523C,CMTD,2025-10-07,14:00:00,mardi,DaMS3,G1,22514917
XA1S511C,CMTD,2025-10-13,15:45:00,lundi,DaMS3,G1,22514917
XA1S522C,CMTD,2025-10-17,08:00:00,vendredi,DaMS3,G1,22514917
XA1S514C,CMTD,2025-10-23,11:30:00,jeudi,DaMS3,G1,22514917
XA1S514C,CMTD,2025-10-24,15:45:00,vendredi,DaMS3,G1,22514917
XA1S511C,CMTD,2025-11-04,08:00:00,mardi,DaMS3,G1,22514917
XA1S523C,CMTD,2025-11-04,15:45:00,mardi,DaMS3,G1,22514917
XA1S522C,CMTD,2025-09-24,08:45:00,mercredi,DaMS3,G1,22502774
XA1S511C,CMTD,2025-10-13,15:45:00,lundi,DaMS3,G1,22502774
XA1S514C,CMTD,2025-10-23,11:30:00,jeudi,DaMS3,G1,22502774
XA1S506C,PROJ,2025-11-25,08:00:00,mardi,DaMS3,G1,22502774
XA1S524C,CMTD,2025-09-24,10:30:00,mercredi,DaMS3,G1,22303152
XA1S506C,PROJ,2025-11-25,08:00:00,mardi,DaMS3,G1,22303152
XA1S504C,CMTD,2025-09-16,08:00:00,mardi,DaMS3,G1,22303923
XA1S534C,TD,2025-10-20,09:45:00,lundi,DaMS3,G1,22303923
XA1S534C,TD,2025-10-20,11:30:00,lundi,DaMS3,G1,22303923
XA1S523C,CMTD,2025-10-20,14:00:00,lundi,DaMS3,G1,22303923
XA1S522C,CMTD,2025-10-22,08:45:00,mercredi,DaMS3,G1,22303923
XA1S522C,CMTD,2025-10-24,08:00:00,vendredi,DaMS3,G1,22303923
XA1S523C,CMTD,2025-10-24,14:00:00,vendredi,DaMS3,G1,22303923
XA1S514C,CMTD,2025-10-24,15:45:00,vendredi,DaMS3,G1,22303923
XA1S506C,PROJ,2025-11-25,08:00:00,mardi,DaMS3,G1,22303923
XA1S530C,CM,2025-11-27,08:00:00,jeudi,DaMS3,,22303923
XA1S534C,TD,2025-10-13,09:45:00,lundi,DaMS3,G2,22306374
XA1S534C,TD,2025-10-13,11:30:00,lundi,DaMS3,G2,22306374
XA1S511C,CMTD,2025-10-13,14:00:00,lundi,DaMS3,G2,22306374
XA1S511C,CMTD,2025-10-14,09:45:00,mardi,DaMS3,G2,22306374
XA1S511C,CMTD,2025-10-15,08:00:00,mercredi,DaMS3,G2,22306374
XA1S522C,CMTD,2025-10-17,09:45:00,vendredi,DaMS3,G2,22306374
XA1S534C,TD,2025-10-20,09:45:00,lundi,DaMS3,G2,22306374
XA1S534C,TD,2025-10-20,11:30:00,lundi,DaMS3,G2,22306374
XA1S523C,CMTD,2025-10-20,15:45:00,lundi,DaMS3,G2,22306374
XA1S522C,CMTD,2025-10-22,10:30:00,mercredi,DaMS3,G2,22306374
XA1S514C,CMTD,2025-10-24,08:00:00,vendredi,DaMS3,G2,22306374
XA1S522C,CMTD,2025-10-24,09:45:00,vendredi,DaMS3,G2,22306374
XA1S514C,CMTD,2025-10-24,14:00:00,vendredi,DaMS3,G2,22306374
XA1S523C,CMTD,2025-10-24,15:45:00,vendredi,DaMS3,G2,22306374
XA1S506C,PROJ,2025-11-25,08:00:00,mardi,DaMS3,G2,22306374
XA1S504C,CMTD,2025-09-16,08:00:00,mardi,DaMS3,G2,22305396
XA1S522C,CMTD,2025-09-25,09:45:00,jeudi,DaMS3,G2,22305396
XA1S523C,CMTD,2025-10-06,15:45:00,lundi,DaMS3,G2,22305396
XA1S523C,CMTD,2025-10-07,15:45:00,mardi,DaMS3,G2,22305396
XA1S523C,CMTD,2025-10-20,15:45:00,lundi,DaMS3,G2,22305396
XA1S514C,CMTD,2025-10-24,08:00:00,vendredi,DaMS3,G2,22305396
XA1S514C,CMTD,2025-10-24,14:00:00,vendredi,DaMS3,G2,22305396
XA1S523C,CMTD,2025-10-24,15:45:00,vendredi,DaMS3,G2,22305396
XA1S511C,CMTD,2025-11-03,09:45:00,lundi,DaMS3,G2,22305396
XA1S514C,CMTD,2025-11-03,14:00:00,lundi,DaMS3,G2,22305396
XA1S511C,CMTD,2025-11-04,09:45:00,mardi,DaMS3,G2,22305396
XA1S523C,CMTD,2025-11-04,14:00:00,mardi,DaMS3,G2,22305396
XA1S514C,TP,2025-11-05,08:00:00,mercredi,DaMS3,G2,22305396
XA1S511C,TP,2025-11-12,09:45:00,mercredi,DaMS3,G2,22305396
XA1S524C,CMTD,2025-11-24,14:00:00,lundi,DaMS3,G2,22305396
XA1S506C,PROJ,2025-11-25,08:00:00,mardi,DaMS3,G2,22305396
XA1S511C,CMTD,2025-12-03,10:30:00,mercredi,DaMS3,G2,22305396
XA1S506C,PROJ,2025-11-25,08:00:00,mardi,DaMS3,G1,22201730
XA1S522C,CMTD,2025-10-22,10:30:00,mercredi,DaMS3,G2,22303619
XA1S506C,PROJ,2025-11-17,08:00:00,lundi,DaMS3,G2,22303619
XA1S506C,PROJ,2025-11-25,08:00:00,mardi,DaMS3,G2,22303619
XA1S523C,CMTD,2025-10-06,14:00:00,lundi,DaMS3,G1,22514330
XA1S523C,CMTD,2025-10-07,14:00:00,mardi,DaMS3,G1,22514330
XA1S511C,CMTD,2025-10-13,15:45:00,lundi,DaMS3,G1,22514330
XA1S522C,CMTD,2025-10-24,08:00:00,vendredi,DaMS3,G1,22514330
XA1S506C,PROJ,2025-11-25,08:00:00,mardi,DaMS3,G1,22514330
XA1S522C,CMTD,2025-09-24,10:30:00,mercredi,DaMS3,G2,22514362
XA1S522C,CMTD,2025-09-29,09:45:00,lundi,DaMS3,G2,22514362
XA1S522C,CMTD,2025-10-17,09:45:00,vendredi,DaMS3,G2,22514362
XA1S522C,CMTD,2025-11-05,09:45:00,mercredi,DaMS3,G2,22514362
XA1S506C,PROJ,2025-11-17,08:00:00,lundi,DaMS3,G2,22514362
XA1S506C,PROJ,2025-11-25,08:00:00,mardi,DaMS3,G2,22514362
XA1S511C,CMTD,2025-12-03,10:30:00,mercredi,DaMS3,G2,22514362
XA1S522C,CMTD,2025-09-29,09:45:00,lundi,DaMS3,G2,22302276
XA1S523C,CMTD,2025-09-29,15:45:00,lundi,DaMS3,G2,22302276
XA1S522C,CMTD,2025-10-02,11:30:00,jeudi,DaMS3,G2,22302276
XA1S523C,CMTD,2025-10-06,15:45:00,lundi,DaMS3,G2,22302276
XA1S523C,CMTD,2025-10-07,15:45:00,mardi,DaMS3,G2,22302276
XA1S524C,CMTD,2025-11-24,14:00:00,lundi,DaMS3,G2,22302276
XA1S506C,PROJ,2025-11-25,08:00:00,mardi,DaMS3,G1,22202894
XA1S511C,CMTD,2025-10-14,08:00:00,mardi,DaMS3,G1,22106340
XA1S524C,CMTD,2025-10-14,09:45:00,mardi,DaMS3,G1,22106340
XA1S522C,CMTD,2025-10-22,08:45:00,mercredi,DaMS3,G1,22106340
XA1S514C,CMTD,2025-10-24,15:45:00,vendredi,DaMS3,G1,22106340
XA1S511C,CMTD,2025-11-04,08:00:00,mardi,DaMS3,G1,22106340
XA1S522C,CMTD,2025-11-05,08:00:00,mercredi,DaMS3,G1,22106340
XA1S514C,TP,2025-11-05,09:45:00,mercredi,DaMS3,G1,22106340
XA1S506C,PROJ,2025-11-17,08:00:00,lundi,DaMS3,G1,22106340
XA1S506C,PROJ,2025-11-25,08:00:00,mardi,DaMS3,G1,22106340
XA1S511C,CMTD,2025-11-03,09:45:00,lundi,DaMS3,G2,22307763
XA1S514C,TP,2025-11-05,08:00:00,mercredi,DaMS3,G2,22515430
XA1S506C,PROJ,2025-11-25,08:00:00,mardi,DaMS3,G2,22515430
XA1S522C,CMTD,2025-09-24,10:30:00,mercredi,DaMS3,G2,22515320
XA1S511C,TP,2025-11-12,09:45:00,mercredi,DaMS3,G2,22515320
XA1S506C,PROJ,2025-11-25,08:00:00,mardi,DaMS3,G2,22515320
XA1S511C,CMTD,2025-12-01,08:00:00,lundi,DaMS3,G2,22515320
XA1S511C,CMTD,2025-11-03,11:30:00,lundi,DaMS3,G1,22314487
XA1S514C,CMTD,2025-11-03,15:45:00,lundi,DaMS3,G1,22314487
XA1S511C,CMTD,2025-11-04,08:00:00,mardi,DaMS3,G1,22314487
XA1S523C,CMTD,2025-11-04,15:45:00,mardi,DaMS3,G1,22314487
XA1S506C,PROJ,2025-11-25,08:00:00,mardi,DaMS3,G1,22314487
XA1S506C,PROJ,2025-11-25,08:00:00,mardi,DaMS3,G2,22314034
XA1S514C,CMTD,2025-10-23,11:30:00,jeudi,DaMS3,G1,22507731
XA1S522C,CMTD,2025-10-24,08:00:00,vendredi,DaMS3,G1,22507731
XA1S506C,PROJ,2025-11-25,08:00:00,mardi,DaMS3,G1,22507731
XA1S506C,PROJ,2025-11-25,08:00:00,mardi,DaMS3,G1,22500082
XA1S514C,CMTD,2025-10-24,08:00:00,vendredi,DaMS3,G2,22501880
XA1S506C,PROJ,2025-11-25,08:00:00,mardi,DaMS3,G2,22501880
XA1S522C,CMTD,2025-10-01,08:45:00,mercredi,DaMS3,G1,22303345
XA1S534C,TD,2025-10-20,09:45:00,lundi,DaMS3,G1,22303345
XA1S534C,TD,2025-10-20,11:30:00,lundi,DaMS3,G1,22303345
XA1S523C,CMTD,2025-10-20,14:00:00,lundi,DaMS3,G1,22303345
XA1S522C,CMTD,2025-10-22,08:45:00,mercredi,DaMS3,G1,22303345
XA1S514C,CMTD,2025-10-24,15:45:00,vendredi,DaMS3,G1,22303345
XA1S506C,PROJ,2025-11-25,08:00:00,mardi,DaMS3,G1,22303345
XA1S522C,CMTD,2025-09-29,09:45:00,lundi,DaMS3,G2,22514023
XA1S522C,CMTD,2025-10-17,09:45:00,vendredi,DaMS3,G2,22514023
XA1S506C,PROJ,2025-11-25,08:00:00,mardi,DaMS3,G2,22514023
XA1S522C,CMTD,2025-11-25,09:45:00,mardi,DaMS3,G2,22514023
XA1S511C,CMTD,2025-12-01,08:00:00,lundi,DaMS3,G2,22514023
XA1S523C,CMTD,2025-10-10,14:00:00,vendredi,DaMS3,G1,22203372
XA1S506C,PROJ,2025-11-25,08:00:00,mardi,DaMS3,G1,22203372
XA1S522C,CMTD,2025-09-24,08:45:00,mercredi,DaMS3,G1,22306306
XA1S524C,CMTD,2025-09-24,10:30:00,mercredi,DaMS3,G1,22306306
XA1S524C,CMTD,2025-10-07,09:45:00,mardi,DaMS3,G1,22306306
XA1S524C,CMTD,2025-10-08,08:00:00,mercredi,DaMS3,G1,22306306
XA1S523C,CMTD,2025-10-10,14:00:00,vendredi,DaMS3,G1,22306306
XA1S511C,CMTD,2025-10-14,08:00:00,mardi,DaMS3,G1,22306306
XA1S524C,CMTD,2025-10-14,09:45:00,mardi,DaMS3,G1,22306306
XA1S511C,CMTD,2025-10-15,09:45:00,mercredi,DaMS3,G1,22306306
XA1S522C,CMTD,2025-10-17,08:00:00,vendredi,DaMS3,G1,22306306
XA1S522C,CMTD,2025-10-24,08:00:00,vendredi,DaMS3,G1,22306306
XA1S523C,CMTD,2025-10-24,14:00:00,vendredi,DaMS3,G1,22306306
XA1S514C,CMTD,2025-10-24,15:45:00,vendredi,DaMS3,G1,22306306
XA1S511C,CMTD,2025-11-03,11:30:00,lundi,DaMS3,G1,22306306
XA1S514C,CMTD,2025-11-03,15:45:00,lundi,DaMS3,G1,22306306
XA1S511C,CMTD,2025-11-04,08:00:00,mardi,DaMS3,G1,22306306
XA1S523C,CMTD,2025-11-04,15:45:00,mardi,DaMS3,G1,22306306
XA1S522C,CMTD,2025-11-05,08:00:00,mercredi,DaMS3,G1,22306306
XA1S514C,TP,2025-11-05,09:45:00,mercredi,DaMS3,G1,22306306
XA1S534C,TD,2025-11-10,09:45:00,lundi,DaMS3,G1,22306306
XA1S534C,TD,2025-11-10,11:30:00,lundi,DaMS3,G1,22306306
XA1S534C,TD,2025-11-24,09:45:00,lundi,DaMS3,G1,22306306
XA1S534C,TD,2025-11-24,11:30:00,lundi,DaMS3,G1,22306306
XA1S506C,PROJ,2025-11-25,08:00:00,mardi,DaMS3,G1,22306306
XA1S506C,PROJ,2025-11-25,08:00:00,mardi,DaMS3,G2,22509348
XA1S524C,CMTD,2025-09-15,09:45:00,lundi,DaMS3,G1,22307599
XA1S504C,CMTD,2025-09-15,14:00:00,lundi,DaMS3,G1,22307599
XA1S504C,CMTD,2025-09-16,08:00:00,mardi,DaMS3,G1,22307599
XA1S504C,CMTD,2025-09-16,09:45:00,mardi,DaMS3,G1,22307599
XA1S504C,CMTD,2025-09-16,11:30:00,mardi,DaMS3,G1,22307599
XA1S523C,CMTD,2025-09-16,14:00:00,mardi,DaMS3,G1,22307599
XA1S524C,CMTD,2025-09-24,10:30:00,mercredi,DaMS3,G1,22307599
XA1S523C,CMTD,2025-10-10,14:00:00,vendredi,DaMS3,G1,22307599
XA1S522C,CMTD,2025-10-24,08:00:00,vendredi,DaMS3,G1,22307599
XA1S523C,CMTD,2025-10-24,14:00:00,vendredi,DaMS3,G1,22307599
XA1S514C,CMTD,2025-10-24,15:45:00,vendredi,DaMS3,G1,22307599
XA1S534C,TD,2025-11-24,09:45:00,lundi,DaMS3,G1,22307599
XA1S534C,TD,2025-11-24,11:30:00,lundi,DaMS3,G1,22307599
XA1S506C,PROJ,2025-11-25,08:00:00,mardi,DaMS3,G1,22307599
XA1S511C,CMTD,2025-12-03,08:45:00,mercredi,DaMS3,G1,22307599
XA1S522C,CMTD,2025-10-22,08:45:00,mercredi,DaMS3,G1,22320171
XA1S506C,PROJ,2025-11-25,08:00:00,mardi,DaMS3,G1,22320171
XA1S500C,CM,2025-09-08,08:00:00,lundi,DaMS3,,22515448
XA1S524C,CMTD,2025-09-15,09:45:00,lundi,DaMS3,G1,22515448
XA1S522C,CMTD,2025-09-24,08:45:00,mercredi,DaMS3,G1,22515448
XA1S523C,CMTD,2025-09-29,14:00:00,lundi,DaMS3,G1,22515448
XA1S522C,CMTD,2025-10-01,08:45:00,mercredi,DaMS3,G1,22515448
XA1S524C,CMTD,2025-10-07,09:45:00,mardi,DaMS3,G1,22515448
XA1S524C,CMTD,2025-10-07,11:30:00,mardi,DaMS3,G1,22515448
XA1S524C,CMTD,2025-10-08,08:00:00,mercredi,DaMS3,G1,22515448
XA1S511C,CMTD,2025-10-08,09:45:00,mercredi,DaMS3,G1,22515448
XA1S534C,TD,2025-10-13,09:45:00,lundi,DaMS3,G1,22515448
XA1S534C,TD,2025-10-13,11:30:00,lundi,DaMS3,G1,22515448
XA1S524C,CMTD,2025-10-14,15:45:00,mardi,DaMS3,G1,22515448
XA1S511C,CMTD,2025-10-15,09:45:00,mercredi,DaMS3,G1,22515448
XA1S522C,CMTD,2025-10-17,08:00:00,vendredi,DaMS3,G1,22515448
XA1S534C,TD,2025-10-20,09:45:00,lundi,DaMS3,G1,22515448
XA1S534C,TD,2025-10-20,11:30:00,lundi,DaMS3,G1,22515448
XA1S523C,CMTD,2025-10-20,14:00:00,lundi,DaMS3,G1,22515448
XA1S522C,CMTD,2025-10-22,08:45:00,mercredi,DaMS3,G1,22515448
XA1S514C,CMTD,2025-10-23,11:30:00,jeudi,DaMS3,G1,22515448
XA1S522C,CMTD,2025-10-24,08:00:00,vendredi,DaMS3,G1,22515448
XA1S523C,CMTD,2025-10-24,14:00:00,vendredi,DaMS3,G1,22515448
XA1S514C,CMTD,2025-10-24,15:45:00,vendredi,DaMS3,G1,22515448
XA1S511C,CMTD,2025-11-03,11:30:00,lundi,DaMS3,G1,22515448
XA1S511C,CMTD,2025-11-04,08:00:00,mardi,DaMS3,G1,22515448
XA1S522C,CMTD,2025-11-05,08:00:00,mercredi,DaMS3,G1,22515448
XA1S514C,TP,2025-11-05,09:45:00,mercredi,DaMS3,G1,22515448
XA1S506C,PROJ,2025-11-25,08:00:00,mardi,DaMS3,G1,22515448
XA1S511C,CMTD,2025-12-03,08:45:00,mercredi,DaMS3,G1,22515448
XA1S511C,CMTD,2025-11-03,09:45:00,lundi,DaMS3,G2,22510645
XA1S514C,CMTD,2025-11-03,14:00:00,lundi,DaMS3,G2,22510645
XA1S511C,CMTD,2025-11-04,09:45:00,mardi,DaMS3,G2,22510645
XA1S523C,CMTD,2025-11-04,14:00:00,mardi,DaMS3,G2,22510645
XA1S524C,CMTD,2025-09-15,11:30:00,lundi,DaMS3,G2,22509976
XA1S514C,TP,2025-11-05,08:00:00,mercredi,DaMS3,G2,22509976
XA1S522C,CMTD,2025-11-05,09:45:00,mercredi,DaMS3,G2,22509976
XA1S506C,PROJ,2025-11-25,08:00:00,mardi,DaMS3,G2,22509976
XA1S511C,CMTD,2025-10-13,15:45:00,lundi,DaMS3,G1,22310352
XA1S524C,CMTD,2025-10-14,09:45:00,mardi,DaMS3,G1,22310352
XA1S522C,CMTD,2025-10-14,14:00:00,mardi,DaMS3,G1,22310352
XA1S524C,CMTD,2025-10-14,15:45:00,mardi,DaMS3,G1,22310352
XA1S511C,CMTD,2025-10-15,09:45:00,mercredi,DaMS3,G1,22310352
XA1S522C,CMTD,2025-10-17,08:00:00,vendredi,DaMS3,G1,22310352
XA1S523C,CMTD,2025-10-20,14:00:00,lundi,DaMS3,G1,22310352
XA1S514C,CMTD,2025-10-23,11:30:00,jeudi,DaMS3,G1,22310352
XA1S522C,CMTD,2025-10-24,08:00:00,vendredi,DaMS3,G1,22310352
XA1S523C,CMTD,2025-10-24,14:00:00,vendredi,DaMS3,G1,22310352
XA1S514C,CMTD,2025-10-24,15:45:00,vendredi,DaMS3,G1,22310352
XA1S506C,PROJ,2025-11-25,08:00:00,mardi,DaMS3,G1,22310352
XA1S523C,CMTD,2025-10-24,14:00:00,vendredi,DaMS3,G1,22505652
XA1S506C,PROJ,2025-11-25,08:00:00,mardi,DaMS3,G1,22505652
XA1S524C,CMTD,2025-09-15,09:45:00,lundi,DaMS3,G1,22414949
XA1S504C,CMTD,2025-09-15,14:00:00,lundi,DaMS3,G1,22414949
XA1S504C,CMTD,2025-09-16,08:00:00,mardi,DaMS3,G1,22414949
XA1S504C,CMTD,2025-09-16,09:45:00,mardi,DaMS3,G1,22414949
XA1S504C,CMTD,2025-09-16,11:30:00,mardi,DaMS3,G1,22414949
XA1S523C,CMTD,2025-09-16,14:00:00,mardi,DaMS3,G1,22414949
XA1S524C,CMTD,2025-09-19,09:45:00,vendredi,DaMS3,G1,22414949
XA1S524C,CMTD,2025-09-24,10:30:00,mercredi,DaMS3,G1,22414949
XA1S523C,CMTD,2025-09-29,14:00:00,lundi,DaMS3,G1,22414949
XA1S524C,CMTD,2025-09-30,09:45:00,mardi,DaMS3,G1,22414949
XA1S523C,CMTD,2025-10-06,14:00:00,lundi,DaMS3,G1,22414949
XA1S523C,CMTD,2025-10-07,14:00:00,mardi,DaMS3,G1,22414949
XA1S524C,CMTD,2025-10-08,08:00:00,mercredi,DaMS3,G1,22414949
XA1S523C,CMTD,2025-10-10,14:00:00,vendredi,DaMS3,G1,22414949
XA1S524C,CMTD,2025-10-14,09:45:00,mardi,DaMS3,G1,22414949
XA1S524C,CMTD,2025-10-14,15:45:00,mardi,DaMS3,G1,22414949
XA1S523C,CMTD,2025-10-20,14:00:00,lundi,DaMS3,G1,22414949
XA1S514C,CMTD,2025-10-23,11:30:00,jeudi,DaMS3,G1,22414949
XA1S523C,CMTD,2025-10-24,14:00:00,vendredi,DaMS3,G1,22414949
XA1S514C,CMTD,2025-10-24,15:45:00,vendredi,DaMS3,G1,22414949
XA1S511C,CMTD,2025-11-03,11:30:00,lundi,DaMS3,G1,22414949
XA1S514C,CMTD,2025-11-03,15:45:00,lundi,DaMS3,G1,22414949
XA1S511C,CMTD,2025-11-04,08:00:00,mardi,DaMS3,G1,22414949
XA1S523C,CMTD,2025-11-04,15:45:00,mardi,DaMS3,G1,22414949
XA1S514C,TP,2025-11-05,09:45:00,mercredi,DaMS3,G1,22414949
XA1S506C,PROJ,2025-11-25,08:00:00,mardi,DaMS3,G1,22414949
XA1S511C,CMTD,2025-12-03,08:45:00,mercredi,DaMS3,G1,22414949
XA1S506C,PROJ,2025-11-25,08:00:00,mardi,DaMS3,G1,22301102
XA1S534C,TD,2025-10-06,09:45:00,lundi,DaMS3,G2,22202358
XA1S534C,TD,2025-10-06,11:30:00,lundi,DaMS3,G2,22202358
XA1S523C,CMTD,2025-10-06,15:45:00,lundi,DaMS3,G2,22202358
XA1S524C,CMTD,2025-10-07,08:00:00,mardi,DaMS3,G2,22202358
XA1S511C,CMTD,2025-10-07,09:45:00,mardi,DaMS3,G2,22202358
XA1S523C,CMTD,2025-10-07,15:45:00,mardi,DaMS3,G2,22202358
XA1S511C,CMTD,2025-10-08,08:00:00,mercredi,DaMS3,G2,22202358
XA1S524C,CMTD,2025-10-08,09:45:00,mercredi,DaMS3,G2,22202358
XA1S524C,CMTD,2025-10-08,11:30:00,mercredi,DaMS3,G2,22202358
XA1S506C,PROJ,2025-11-25,08:00:00,mardi,DaMS3,G2,22513742
XA1S522C,CMTD,2025-10-17,09:45:00,vendredi,DaMS3,G2,22515987
XA1S506C,PROJ,2025-11-25,08:00:00,mardi,DaMS3,G2,22515987
XA1S514C,CMTD,2025-10-24,08:00:00,vendredi,DaMS3,G2,22301328
XA1S506C,PROJ,2025-11-25,08:00:00,mardi,DaMS3,G2,22301328
XA1S500C,CM,2025-09-08,08:00:00,lundi,DaMS3,,22514776
XA1S524C,CMTD,2025-09-15,09:45:00,lundi,DaMS3,G1,22514776
XA1S523C,CMTD,2025-09-16,14:00:00,mardi,DaMS3,G1,22514776
XA1S524C,CMTD,2025-09-19,09:45:00,vendredi,DaMS3,G1,22514776
XA1S522C,CMTD,2025-09-24,08:45:00,mercredi,DaMS3,G1,22514776
XA1S710C,CM,2025-09-17,14:30:00,mercredi,DaMS4,,22410098
XA1S726C,CMTD,2025-11-27,11:30:00,jeudi,DaMS4,G1,22410098
XA1S705C,TP,2025-12-03,09:45:00,mercredi,DaMS4,G1,22410098
XA1S710C,CM,2025-09-17,14:30:00,mercredi,DaMS4,,22203011
XA1S710C,CM,2025-09-17,14:30:00,mercredi,DaMS4,,22413107
XA1S726C,CMTD,2025-11-27,11:30:00,jeudi,DaMS4,G1,22208599
XA1S705C,TP,2025-12-03,09:45:00,mercredi,DaMS4,G1,22208599
XA1S735C,TD,2025-10-14,08:00:00,mardi,DaMS4,G1,22205466
XA1S735C,TD,2025-11-04,08:00:00,mardi,DaMS4,G1,22205466
XA1S735C,TD,2025-11-25,08:00:00,mardi,DaMS4,G2,22414812
XA1S705C,TP,2025-12-03,08:00:00,mercredi,DaMS4,G2,22414812
XA1S710C,CM,2025-09-17,14:30:00,mercredi,DaMS4,,22414838
XA1S710C,CM,2025-09-17,14:30:00,mercredi,DaMS4,,22414922
XA1S735C,TD,2025-11-25,08:00:00,mardi,DaMS4,G1,22414922
XA1S705C,TP,2025-12-03,09:45:00,mercredi,DaMS4,G1,22414922
XA1S710C,CM,2025-09-17,14:30:00,mercredi,DaMS4,,22406136
XA1S735C,TD,2025-09-30,08:00:00,mardi,DaMS4,G1,22406136
XA1S735C,TD,2025-09-23,08:00:00,mardi,DaMS4,G2,22412601
XA1S735C,TD,2025-09-23,09:45:00,mardi,DaMS4,G2,22412601
XA1S710C,CM,2025-09-17,14:30:00,mercredi,DaMS4,,22201339
XA1S705C,TP,2025-12-03,08:00:00,mercredi,DaMS4,G2,22201339
XA1S710C,CM,2025-09-17,14:30:00,mercredi,DaMS4,,22202946
XA1S735C,TD,2025-09-23,08:00:00,mardi,DaMS4,G2,22410721
XA1S705C,TD,2025-11-18,08:00:00,mardi,DaMS4,G2,22410721
XA1S710C,CM,2025-09-17,14:30:00,mercredi,DaMS4,,22415685
XA1S735C,TD,2025-09-30,08:00:00,mardi,DaMS4,G2,22208515
XA1S710C,CM,2025-09-17,14:30:00,mercredi,DaMS4,,22415343
XA1S735C,TD,2025-11-25,08:00:00,mardi,DaMS4,G2,22415343
XA1S735C,TD,2025-11-25,09:45:00,mardi,DaMS4,G2,22415343
XA1S710C,CM,2025-09-17,14:30:00,mercredi,DaMS4,,22201278
XA1S705C,TD,2025-11-18,08:00:00,mardi,DaMS4,G2,22201278
XA1S705C,TP,2025-12-03,08:00:00,mercredi,DaMS4,G2,22201278
XA1S710C,CM,2025-09-17,14:30:00,mercredi,DaMS4,,22415441
XA1S735C,TD,2025-11-25,08:00:00,mardi,DaMS4,G1,22415441
XA1S735C,TD,2025-11-25,09:45:00,mardi,DaMS4,G1,22415441
XA1S735C,TD,2025-09-30,08:00:00,mardi,DaMS4,G2,22509308
XA1S735C,TD,2025-09-30,09:45:00,mardi,DaMS4,G2,22509308
XA1S735C,TD,2025-09-30,08:00:00,mardi,DaMS4,G2,22204811
XA1S735C,TD,2025-10-07,08:00:00,mardi,DaMS4,G2,22204811
XA1S735C,TD,2025-10-07,09:45:00,mardi,DaMS4,G2,22204811
XA1S735C,TD,2025-11-04,08:00:00,mardi,DaMS4,G2,22204811
XA1S705C,TD,2025-11-18,08:00:00,mardi,DaMS4,G2,22204811
XA1S705C,TP,2025-12-03,08:00:00,mercredi,DaMS4,G2,22204811
XA1S735C,TD,2025-11-04,08:00:00,mardi,DaMS4,G1,22509153
XA1S710C,CM,2025-09-17,14:30:00,mercredi,DaMS4,,22315558
XA1S735C,TD,2025-11-04,08:00:00,mardi,DaMS4,G1,22315558
XA1S735C,TD,2025-11-04,09:45:00,mardi,DaMS4,G1,22315558
XA1S705C,TD,2025-11-18,08:00:00,mardi,DaMS4,G2,22407586
XA1S735C,TD,2025-11-25,08:00:00,mardi,DaMS4,G2,22407586
XA1S705C,TP,2025-12-03,08:00:00,mercredi,DaMS4,G2,22407586
XA1S710C,CM,2025-09-17,14:30:00,mercredi,DaMS4,,22414467
XA1S710C,CM,2025-09-17,14:30:00,mercredi,DaMS4,,22414826
XA1S710C,CM,2025-09-17,14:30:00,mercredi,DaMS4,,22100944
XA1S705C,TD,2025-11-18,08:00:00,mardi,DaMS4,G2,22206722
XA1S710C,CM,2025-09-17,14:30:00,mercredi,DaMS4,,22206118
XA1S735C,TD,2025-11-25,08:00:00,mardi,DaMS4,G1,22206118
XAIG900C,TD,2025-11-19,08:00:00,mercredi,DaMS5,Opt1,22103475
XAIG910C,CM/CMTD,2025-11-19,14:00:00,mercredi,DaMS5,,22103475
XAIG900C,TD,2025-11-21,14:00:00,vendredi,DaMS5,Opt1,22103475
XAIG900C,CMTD,2025-09-19,11:30:00,vendredi,DaMS5,Opt2,22103721
XAIG924C,CM,2025-09-29,14:00:00,lundi,DaMS5,,22103721
XAIG924C,CM,2025-09-29,15:45:00,lundi,DaMS5,,22103721
XAIG900C,CMTD,2025-10-01,09:45:00,mercredi,DaMS5,Opt2,22103721
XAIG924C,CM,2025-10-13,14:00:00,lundi,DaMS5,,22103721
XAIG924C,CM,2025-10-13,15:45:00,lundi,DaMS5,,22103721
XAIG915C,CMTD,2025-10-15,08:00:00,mercredi,DaMS5,Opt2,22103721
XAIG94C,CM/CMTD,2025-10-20,08:00:00,lundi,DaMS5,,22103721
XAIG94C,CM/CMTD,2025-10-21,08:00:00,mardi,DaMS5,,22103721
XAIG900C,CMTD,2025-11-12,09:45:00,mercredi,DaMS5,Opt2,22103721
XAIG915C,CMTD,2025-11-13,11:15:00,jeudi,DaMS5,Opt2,22103721
XAIG903C,TD,2025-11-14,14:00:00,vendredi,DaMS5,Opt2,22103721
XAIG900C,TD,2025-11-14,15:45:00,vendredi,DaMS5,Opt2,22103721
XAIG915C,CMTD,2025-11-17,09:45:00,lundi,DaMS5,Opt2,22103721
XAIG900C,TD,2025-11-19,09:45:00,mercredi,DaMS5,Opt2,22103721
XAIG910C,CM/CMTD,2025-11-19,15:45:00,mercredi,DaMS5,,22103721
XAIG923C,CMTD,2025-12-01,08:45:00,lundi,DaMS5,Opt2,22103721
XAIG94C,CM/CMTD,2025-10-21,08:00:00,mardi,DaMS5,,22314949
XAIG915C,CMTD,2025-11-17,09:45:00,lundi,DaMS5,Opt2,22314949
XAIG900C,TD,2025-11-21,14:00:00,vendredi,DaMS5,Opt1,22314558
XAIG904C,TD,2025-11-25,15:45:00,mardi,DaMS5,,22314558
XAIG900C,CMTD,2025-10-01,08:00:00,mercredi,DaMS5,Opt1,22004619
XAIG915C,CMTD,2025-10-24,11:30:00,vendredi,DaMS5,Opt1,22004619
XAIG900C,CMTD,2025-11-12,08:00:00,mercredi,DaMS5,Opt1,22004619
XAIG915C,CMTD,2025-11-13,09:45:00,jeudi,DaMS5,Opt1,22004619
XAIG900C,TD,2025-11-19,08:00:00,mercredi,DaMS5,Opt1,22004619
XAIG900C,TD,2025-11-21,14:00:00,vendredi,DaMS5,Opt1,22004619
XAIG900C,TD,2025-11-26,08:00:00,mercredi,DaMS5,Opt1,22004619
XAIG903C,CM,2025-11-26,11:30:00,mercredi,DaMS5,,22004619
XAIG923C,CMTD,2025-12-02,14:00:00,mardi,DaMS5,Opt1,22004619
XAIG923C,CMTD,2025-12-02,15:45:00,mardi,DaMS5,Opt1,22004619
XAIG923C,CMTD,2025-12-03,09:45:00,mercredi,DaMS5,Opt1,22004619
XAIG915C,CMTD,2025-10-24,11:30:00,vendredi,DaMS5,Opt1,22110061
XAIG915C,CMTD,2025-11-05,15:45:00,mercredi,DaMS5,Opt1,22110061
XAIG900C,TD,2025-11-24,09:45:00,lundi,DaMS5,Opt1,22110061
XAIG915C,CMTD,2025-11-24,11:30:00,lundi,DaMS5,Opt1,22110061
XAIG923C,CMTD,2025-12-02,14:00:00,mardi,DaMS5,Opt1,22110061
XAIG923C,CMTD,2025-12-02,15:45:00,mardi,DaMS5,Opt1,22110061
XAIG924C,CM,2025-09-29,14:00:00,lundi,DaMS5,,22210011
XAIG924C,CM,2025-09-29,15:45:00,lundi,DaMS5,,22210011
XAIG924C,CM,2025-10-13,14:00:00,lundi,DaMS5,,22210011
XAIG924C,CM,2025-10-13,15:45:00,lundi,DaMS5,,22210011
XAIG94C,CM/CMTD,2025-10-20,08:00:00,lundi,DaMS5,,22210011
XAIG924C,CM/CMTD,2025-10-23,09:45:00,jeudi,DaMS5,,22210011
XAIG915C,CMTD,2025-11-13,11:15:00,jeudi,DaMS5,Opt2,22210011
XAIG923C,CMTD,2025-12-01,08:45:00,lundi,DaMS5,Opt2,22210011
XAIG915C,CMTD,2025-10-24,09:45:00,vendredi,DaMS5,Opt2,22000838
XAIG900C,TD,2025-11-19,09:45:00,mercredi,DaMS5,Opt2,22000838
XAIG910C,CM/CMTD,2025-11-19,15:45:00,mercredi,DaMS5,,22000838
XAIG900C,TD,2025-11-21,15:45:00,vendredi,DaMS5,Opt2,22000838
XAIG900C,CMTD,2025-11-03,09:45:00,lundi,DaMS5,Opt1,22213710
XAIG900C,CMTD,2025-11-12,08:00:00,mercredi,DaMS5,Opt1,22213710
XAIG900C,TD,2025-11-14,14:00:00,vendredi,DaMS5,Opt1,22213710
XAIG903C,TD,2025-11-14,15:45:00,vendredi,DaMS5,Opt1,22213710
XAIG900C,TD,2025-11-19,08:00:00,mercredi,DaMS5,Opt1,22213710
XAIG900C,TD,2025-11-21,14:00:00,vendredi,DaMS5,Opt1,22213710
XAIG900C,TD,2025-11-26,08:00:00,mercredi,DaMS5,Opt1,22213710
XAIG903C,CM,2025-11-26,11:30:00,mercredi,DaMS5,,22213710
XAIG915C,CMTD,2025-10-24,09:45:00,vendredi,DaMS5,Opt2,22313961
XAIG900C,TD,2025-11-19,09:45:00,mercredi,DaMS5,Opt2,22313961
XAIG900C,TD,2025-11-21,15:45:00,vendredi,DaMS5,Opt2,22313961
XAIG900C,CMTD,2025-10-01,08:00:00,mercredi,DaMS5,Opt1,22100205
XAIG915C,CMTD,2025-11-13,09:45:00,jeudi,DaMS5,Opt1,22100205
XAIG900C,TD,2025-11-21,14:00:00,vendredi,DaMS5,Opt1,22100205
XAIG900C,TD,2025-11-26,08:00:00,mercredi,DaMS5,Opt1,22100205
XAIG923C,CMTD,2025-12-02,14:00:00,mardi,DaMS5,Opt1,22100205
XAIG923C,CMTD,2025-12-02,15:45:00,mardi,DaMS5,Opt1,22100205
XAIG923C,CMTD,2025-12-03,09:45:00,mercredi,DaMS5,Opt1,22100205
XAIG923C,CMTD,2025-12-03,11:30:00,mercredi,DaMS5,Opt1,22100205
XAIG915C,CMTD,2025-10-24,11:30:00,vendredi,DaMS5,Opt1,22008608
XAIG900C,TD,2025-11-19,08:00:00,mercredi,DaMS5,Opt1,22008608
XAIG910C,CM/CMTD,2025-11-19,14:00:00,mercredi,DaMS5,,22008608
XAIG900C,TD,2025-11-21,14:00:00,vendredi,DaMS5,Opt1,22008608
XAIG912C,CM/CMTD,2025-09-17,15:45:00,mercredi,DaMS5,,22315332
XAIG900C,TD,2025-09-23,09:45:00,mardi,DaMS5,Opt1,22315332
XAIG915C,CMTD,2025-10-24,11:30:00,vendredi,DaMS5,Opt1,22315332
XAIG915C,CMTD,2025-11-05,15:45:00,mercredi,DaMS5,Opt1,22315332
XAIG900C,CMTD,2025-11-12,08:00:00,mercredi,DaMS5,Opt1,22315332
XAIG900C,TD,2025-11-14,14:00:00,vendredi,DaMS5,Opt1,22315332
XAIG900C,CMTD,2025-11-17,09:45:00,lundi,DaMS5,Opt1,22315332
XAIG900C,TD,2025-11-26,08:00:00,mercredi,DaMS5,Opt1,22315332
XAIG903C,CM,2025-11-26,11:30:00,mercredi,DaMS5,,22315332
XAIG924C,CM,2025-10-20,14:00:00,lundi,DaMS5,,22314899
XAIG94C,CM/CMTD,2025-10-21,08:00:00,mardi,DaMS5,,22314899
XAIG900C,CMTD,2025-11-17,11:30:00,lundi,DaMS5,Opt2,22314899
XAIG900C,CMTD,2025-10-01,09:45:00,mercredi,DaMS5,Opt2,22307368
XAIG903C,TD,2025-11-14,14:00:00,vendredi,DaMS5,Opt2,22307368
XAIG900C,TD,2025-11-14,15:45:00,vendredi,DaMS5,Opt2,22307368
XAIG924C,CM,2025-09-29,14:00:00,lundi,DaMS5,,22214979
XAIG924C,CM,2025-09-29,15:45:00,lundi,DaMS5,,22214979
XAIG924C,CM,2025-10-13,14:00:00,lundi,DaMS5,,22214979
XAIG924C,CM,2025-10-13,15:45:00,lundi,DaMS5,,22214979
XAIG915C,CMTD,2025-10-24,11:30:00,vendredi,DaMS5,Opt1,22311131
XAIG900C,TD,2025-11-19,08:00:00,mercredi,DaMS5,Opt1,22311131
XAIG900C,CMTD,2025-10-01,09:45:00,mercredi,DaMS5,Opt2,22314124
XAIG915C,CMTD,2025-10-24,09:45:00,vendredi,DaMS5,Opt2,22314124
XAIG900C,CMTD,2025-11-12,09:45:00,mercredi,DaMS5,Opt2,22314124
XAIG900C,TD,2025-11-14,15:45:00,vendredi,DaMS5,Opt2,22314124
XAIG900C,TD,2025-11-19,09:45:00,mercredi,DaMS5,Opt2,22314124
XAIG910C,CM/CMTD,2025-11-19,15:45:00,mercredi,DaMS5,,22314124
XAIG900C,TD,2025-11-21,15:45:00,vendredi,DaMS5,Opt2,22314124
XAIG900C,TD,2025-09-23,09:45:00,mardi,DaMS5,Opt1,22103345
XAIG915C,CMTD,2025-10-24,11:30:00,vendredi,DaMS5,Opt1,22103345
XAIG915C,CMTD,2025-11-05,15:45:00,mercredi,DaMS5,Opt1,22103345
XAIG904C,TD,2025-11-25,15:45:00,mardi,DaMS5,,22103345
XAIG900C,CMTD,2025-09-19,14:00:00,vendredi,DaMS5,Opt1,21907395
XAIG900C,TD,2025-09-23,09:45:00,mardi,DaMS5,Opt1,21907395
XAIG924C,CM,2025-09-29,14:00:00,lundi,DaMS5,,21907395
XAIG924C,CM,2025-09-29,15:45:00,lundi,DaMS5,,21907395
XAIG900C,CMTD,2025-10-01,08:00:00,mercredi,DaMS5,Opt1,21907395
XAIG924C,CM,2025-10-14,14:00:00,mardi,DaMS5,,21907395
XAIG924C,CM,2025-10-14,15:45:00,mardi,DaMS5,,21907395
XAIG915C,CMTD,2025-10-15,09:45:00,mercredi,DaMS5,Opt1,21907395
XAIG925C,CM/CMTD,2025-10-17,09:45:00,vendredi,DaMS5,,21907395
XAIG924C,CM,2025-10-20,14:00:00,lundi,DaMS5,,21907395
XAIG915C,CMTD,2025-10-24,11:30:00,vendredi,DaMS5,Opt1,21907395
XAIG900C,CMTD,2025-11-12,08:00:00,mercredi,DaMS5,Opt1,21907395
XAIG915C,CMTD,2025-11-13,09:45:00,jeudi,DaMS5,Opt1,21907395
XAIG900C,TD,2025-11-19,08:00:00,mercredi,DaMS5,Opt1,21907395
XAIG900C,TD,2025-11-21,14:00:00,vendredi,DaMS5,Opt1,21907395
XAIG900C,TD,2025-11-26,08:00:00,mercredi,DaMS5,Opt1,21907395
XAIG903C,CM,2025-11-26,11:30:00,mercredi,DaMS5,,21907395
XAIG923C,CMTD,2025-12-02,14:00:00,mardi,DaMS5,Opt1,21907395
XAIG923C,CMTD,2025-12-02,15:45:00,mardi,DaMS5,Opt1,21907395
XAIG923C,CMTD,2025-12-03,09:45:00,mercredi,DaMS5,Opt1,21907395
XAIG915C,CMTD,2025-11-05,15:45:00,mercredi,DaMS5,Opt1,22111311
XAIG923C,CMTD,2025-12-02,14:00:00,mardi,DaMS5,Opt1,22111311
XAIG923C,CMTD,2025-12-02,15:45:00,mardi,DaMS5,Opt1,22111311
XAIG900C,CMTD,2025-09-25,09:45:00,jeudi,DaMS5,Opt2,22105820
XAIG94C,CM/CMTD,2025-09-26,08:00:00,vendredi,DaMS5,,22105820
XAIG924C,CM,2025-09-29,14:00:00,lundi,DaMS5,,22105820
XAIG924C,CM,2025-09-29,15:45:00,lundi,DaMS5,,22105820
XAIG924C,CM,2025-10-13,14:00:00,lundi,DaMS5,,22105820
XAIG924C,CM,2025-10-20,14:00:00,lundi,DaMS5,,22105820
XAIG94C,CM/CMTD,2025-10-21,08:00:00,mardi,DaMS5,,22105820
XAIG915C,CMTD,2025-11-05,14:00:00,mercredi,DaMS5,Opt2,22105820
XAIG900C,TD,2025-11-14,15:45:00,vendredi,DaMS5,Opt2,22105820
XAIG900C,TD,2025-11-21,15:45:00,vendredi,DaMS5,Opt2,22105820
XAIG912C,CM/CMTD,2025-09-17,15:45:00,mercredi,DaMS5,,22415216
XAIG900C,CMTD,2025-09-19,14:00:00,vendredi,DaMS5,Opt1,22415216
XAIG900C,CMTD,2025-11-12,08:00:00,mercredi,DaMS5,Opt1,22415216
XAIG900C,TD,2025-11-19,08:00:00,mercredi,DaMS5,Opt1,22415216
XAIG915C,CMTD,2025-11-05,14:00:00,mercredi,DaMS5,Opt2,22308428
XAIG900C,TD,2025-11-19,09:45:00,mercredi,DaMS5,Opt2,22308428
XAIG900C,TD,2025-11-26,09:45:00,mercredi,DaMS5,Opt2,22308428
XAIG924C,CM,2025-09-29,14:00:00,lundi,DaMS5,,22100824
XAIG924C,CM,2025-09-29,15:45:00,lundi,DaMS5,,22100824
XAIG924C,CM,2025-10-13,14:00:00,lundi,DaMS5,,22100824
XAIG924C,CM,2025-10-13,15:45:00,lundi,DaMS5,,22100824
XAIG94C,CM/CMTD,2025-10-20,08:00:00,lundi,DaMS5,,22100824
XAIG94C,CM/CMTD,2025-10-21,08:00:00,mardi,DaMS5,,22100824
XAIG900C,CMTD,2025-11-12,09:45:00,mercredi,DaMS5,Opt2,22100824
XAIG903C,TD,2025-11-14,14:00:00,vendredi,DaMS5,Opt2,22100824
XAIG900C,TD,2025-11-14,15:45:00,vendredi,DaMS5,Opt2,22100824
XAIG915C,CMTD,2025-11-17,09:45:00,lundi,DaMS5,Opt2,22100824
XAIG900C,TD,2025-11-21,15:45:00,vendredi,DaMS5,Opt2,22100824
XAIG923C,CMTD,2025-12-01,08:45:00,lundi,DaMS5,Opt2,22100824
XAIG924C,CM,2025-10-20,14:00:00,lundi,DaMS5,,22100113
XAIG900C,CMTD,2025-11-17,11:30:00,lundi,DaMS5,Opt2,22100113
XAIG900C,TD,2025-11-19,08:00:00,mercredi,DaMS5,Opt1,22108900
XAIG900C,TD,2025-11-26,08:00:00,mercredi,DaMS5,Opt1,22108900
XAIG923C,CMTD,2025-12-02,14:00:00,mardi,DaMS5,Opt1,22108900
XAIG923C,CMTD,2025-12-02,15:45:00,mardi,DaMS5,Opt1,22108900
XAIG923C,CMTD,2025-12-03,09:45:00,mercredi,DaMS5,Opt1,22108900
XAIG923C,CMTD,2025-12-03,11:30:00,mercredi,DaMS5,Opt1,22108900
XAIG924C,CM,2025-09-29,14:00:00,lundi,DaMS5,,22211439
XAIG924C,CM,2025-09-29,15:45:00,lundi,DaMS5,,22211439
XAIG924C,CM,2025-10-13,14:00:00,lundi,DaMS5,,22211439
XAIG924C,CM,2025-10-13,15:45:00,lundi,DaMS5,,22211439
XAIG900C,TD,2025-11-14,15:45:00,vendredi,DaMS5,Opt2,22211439
XAIG923C,CMTD,2025-12-01,08:45:00,lundi,DaMS5,Opt2,22211439
XAIG915C,CMTD,2025-11-05,15:45:00,mercredi,DaMS5,Opt1,22315120
XAIG900C,TD,2025-11-19,08:00:00,mercredi,DaMS5,Opt1,22315120
XAIG923C,CMTD,2025-12-02,14:00:00,mardi,DaMS5,Opt1,22315120
XAIG923C,CMTD,2025-12-02,15:45:00,mardi,DaMS5,Opt1,22315120
XAIG923C,CMTD,2025-12-03,09:45:00,mercredi,DaMS5,Opt1,22315120
XAIG923C,CMTD,2025-12-03,11:30:00,mercredi,DaMS5,Opt1,22315120
XAIG900C,CMTD,2025-11-03,09:45:00,lundi,DaMS5,Opt1,22212018
XAIG900C,TD,2025-11-05,14:00:00,mercredi,DaMS5,Opt1,22212018
XAIG900C,CMTD,2025-11-10,09:45:00,lundi,DaMS5,Opt1,22212018
XAIG900C,CMTD,2025-11-12,08:00:00,mercredi,DaMS5,Opt1,22212018
XAIG900C,CMTD,2025-11-17,09:45:00,lundi,DaMS5,Opt1,22212018
XAIG903C,CM,2025-11-26,11:30:00,mercredi,DaMS5,,22212018
XAIG924C,CM,2025-10-14,14:00:00,mardi,DaMS5,,22313692
XAIG924C,CM,2025-10-14,15:45:00,mardi,DaMS5,,22313692
XAIG925C,CM/CMTD,2025-10-17,09:45:00,vendredi,DaMS5,,22313692
XAIG900C,TD,2025-11-19,08:00:00,mercredi,DaMS5,Opt1,22313692
XAIG900C,TD,2025-11-26,08:00:00,mercredi,DaMS5,Opt1,22313692
XAIG923C,CMTD,2025-12-02,14:00:00,mardi,DaMS5,Opt1,22313692
XAIG923C,CMTD,2025-12-02,15:45:00,mardi,DaMS5,Opt1,22313692
XA1S735C,TD,2025-09-09,08:00:00,mardi,DaMS4,G1,22515236
XA1S735C,TD,2025-09-09,09:45:00,mardi,DaMS4,G1,22515236
XA1S735C,TD,2025-09-23,08:00:00,mardi,DaMS4,G1,22515236
XA1S735C,TD,2025-09-23,09:45:00,mardi,DaMS4,G1,22515236
XA1S735C,TD,2025-09-30,08:00:00,mardi,DaMS4,G1,22515236
XA1S735C,TD,2025-09-30,09:45:00,mardi,DaMS4,G1,22515236
XA1S705C,TP,2025-12-03,09:45:00,mercredi,DaMS4,G1,22515236
XA1S735C,TD,2025-10-07,08:00:00,mardi,DaMS4,G1,22515128
XA1S726C,CMTD,2025-11-27,11:30:00,jeudi,DaMS4,G1,22515128
XA1S705C,TP,2025-12-03,09:45:00,mercredi,DaMS4,G1,22515128